<?xml version="1.0" encoding="UTF-8"?><ConceptMap xmlns="http://hl7.org/fhir"><id value="IMMZ-C-SexToAdministrativeGender"/><text><status value="extensions"/><div xmlns="http://www.w3.org/1999/xhtml"><p>Mapping from (not specified) to (not specified)</p><p>ACTIVE. Published on 2023-08-09 by WHO (WHO: <a href="http://who.int">http://who.int</a>). </p><div><p>Mapping to and from IMMZ.C sex coding to FHIR Administrative Gender.</p>
</div><br/><p><b>Group 1</b>Mapping from <a href="CodeSystem-IMMZ-C.html">IMMZ-C CodeSystem for Data Elements</a> to <a href="http://hl7.org/fhir/R4/codesystem-administrative-gender.html">AdministrativeGender</a></p><table class="grid"><tr><td><b>Source Code</b></td><td><b>Relationship</b></td><td><b>Target Code</b></td></tr><tr><td>DE6 (Male)</td><td><a href="http://hl7.org/fhir/R4/codesystem-concept-map-equivalence.html#equivalent" title="equivalent">is equivalent to</a></td><td>male</td></tr><tr><td>DE7 (Female)</td><td><a href="http://hl7.org/fhir/R4/codesystem-concept-map-equivalence.html#equivalent" title="equivalent">is equivalent to</a></td><td>female</td></tr><tr><td>DE8 (Biological sex not specified)</td><td><a href="http://hl7.org/fhir/R4/codesystem-concept-map-equivalence.html#equivalent" title="equivalent">is equivalent to</a></td><td>unknown</td></tr><tr><td>DE9 (Intersex)</td><td><a href="http://hl7.org/fhir/R4/codesystem-concept-map-equivalence.html#wider" title="wider">maps to wider concept</a></td><td>other</td></tr></table><hr/><p><b>Group 2</b>Mapping from <a href="http://hl7.org/fhir/R4/codesystem-administrative-gender.html">AdministrativeGender</a> to <a href="CodeSystem-IMMZ-C.html">IMMZ-C CodeSystem for Data Elements</a></p><table class="grid"><tr><td><b>Source Code</b></td><td><b>Relationship</b></td><td><b>Target Code</b></td></tr><tr><td>male</td><td><a href="http://hl7.org/fhir/R4/codesystem-concept-map-equivalence.html#equivalent" title="equivalent">is equivalent to</a></td><td>DE6 (Male)</td></tr><tr><td>female</td><td><a href="http://hl7.org/fhir/R4/codesystem-concept-map-equivalence.html#equivalent" title="equivalent">is equivalent to</a></td><td>DE7 (Female)</td></tr><tr><td>unknown</td><td><a href="http://hl7.org/fhir/R4/codesystem-concept-map-equivalence.html#equivalent" title="equivalent">is equivalent to</a></td><td>DE8 (Biological sex not specified)</td></tr><tr><td>other</td><td><a href="http://hl7.org/fhir/R4/codesystem-concept-map-equivalence.html#narrower" title="narrower">narrower</a></td><td>DE9 (Intersex)</td></tr></table></div></text><url value="http://worldhealthorganization.github.io/smart-immunizations-mini/ConceptMap/IMMZ-C-SexToAdministrativeGender"/><version value="0.1.0"/><name value="IMMZ_C_SexToAdministrativeGender"/><title value="ConceptMap to and From IMMZ.C sex to administrative gender"/><status value="active"/><experimental value="false"/><date value="2023-08-09"/><publisher value="WHO"/><contact><name value="WHO"/><telecom><system value="url"/><value value="http://who.int"/></telecom></contact><description value="Mapping to and from IMMZ.C sex coding to FHIR Administrative Gender."/><group><source value="http://worldhealthorganization.github.io/smart-immunizations-mini/CodeSystem/IMMZ-C"/><target value="http://hl7.org/fhir/administrative-gender"/><element><code value="DE6"/><target><code value="male"/><equivalence value="equivalent"/></target></element><element><code value="DE7"/><target><code value="female"/><equivalence value="equivalent"/></target></element><element><code value="DE8"/><target><code value="unknown"/><equivalence value="equivalent"/></target></element><element><code value="DE9"/><target><code value="other"/><equivalence value="wider"/></target></element></group><group><source value="http://hl7.org/fhir/administrative-gender"/><target value="http://worldhealthorganization.github.io/smart-immunizations-mini/CodeSystem/IMMZ-C"/><element><code value="male"/><target><code value="DE6"/><equivalence value="equivalent"/></target></element><element><code value="female"/><target><code value="DE7"/><equivalence value="equivalent"/></target></element><element><code value="unknown"/><target><code value="DE8"/><equivalence value="equivalent"/></target></element><element><code value="other"/><target><code value="DE9"/><equivalence value="narrower"/></target></element></group></ConceptMap>