<?xml version="1.0" encoding="UTF-8"?><ImplementationGuide xmlns="http://hl7.org/fhir"><id value="smart-immunizations-mini"/><meta><profile value="http://worldhealthorganization.github.io/smart-base/StructureDefinition/SGImplementationGuide"/></meta><text><status value="extensions"/><div xmlns="http://www.w3.org/1999/xhtml"><h2>SMART</h2><p>The official URL for this implementation guide is: </p><pre>http://worldhealthorganization.github.io/smart-immunizations-mini/ImplementationGuide/smart-immunizations-mini</pre></div></text><url value="http://worldhealthorganization.github.io/smart-immunizations-mini/ImplementationGuide/smart-immunizations-mini"/><version value="0.1.0"/><name value="SMART"/><status value="draft"/><date value="2023-09-20T16:48:16+00:00"/><publisher value="WHO"/><contact><name value="WHO"/><telecom><system value="url"/><value value="http://who.int"/></telecom></contact><packageId value="smart-immunizations-mini"/><license value="CC0-1.0"/><fhirVersion value="4.0.1"/><dependsOn id="hl7tx"><extension url="http://hl7.org/fhir/tools/StructureDefinition/implementationguide-dependency-comment"><valueMarkdown value="Automatically added as a dependency - all IGs depend on HL7 Terminology"/></extension><uri value="http://terminology.hl7.org/ImplementationGuide/hl7.terminology"/><packageId value="hl7.terminology.r4"/><version value="5.3.0"/></dependsOn><dependsOn id="hl7ext"><extension url="http://hl7.org/fhir/tools/StructureDefinition/implementationguide-dependency-comment"><valueMarkdown value="Automatically added as a dependency - all IGs depend on the HL7 Extension Pack"/></extension><uri value="http://hl7.org/fhir/extensions/ImplementationGuide/hl7.fhir.uv.extensions"/><packageId value="hl7.fhir.uv.extensions.r4"/><version value="1.0.0"/></dependsOn><dependsOn id="who_fhir_smart_base"><uri value="http://worldhealthorganization.github.io/smart-base/ImplementationGuide/who.fhir.smart-base"/><packageId value="who.fhir.smart-base"/><version value="current"/></dependsOn><dependsOn id="hl7_fhir_uv_sdc"><uri value="http://hl7.org/fhir/uv/sdc/ImplementationGuide/hl7.fhir.uv.sdc"/><packageId value="hl7.fhir.uv.sdc"/><version value="3.0.0"/></dependsOn><definition><extension url="http://hl7.org/fhir/tools/StructureDefinition/ig-parameter"><extension url="code"><valueString value="copyrightyear"/></extension><extension url="value"><valueString value="2023+"/></extension></extension><extension url="http://hl7.org/fhir/tools/StructureDefinition/ig-parameter"><extension url="code"><valueString value="releaselabel"/></extension><extension url="value"><valueString value="ci-build"/></extension></extension><extension url="http://hl7.org/fhir/tools/StructureDefinition/ig-parameter"><extension url="code"><valueString value="autoload-resources"/></extension><extension url="value"><valueString value="true"/></extension></extension><extension url="http://hl7.org/fhir/tools/StructureDefinition/ig-parameter"><extension url="code"><valueString value="path-liquid"/></extension><extension url="value"><valueString value="template/liquid"/></extension></extension><extension url="http://hl7.org/fhir/tools/StructureDefinition/ig-parameter"><extension url="code"><valueString value="path-liquid"/></extension><extension url="value"><valueString value="input/liquid"/></extension></extension><extension url="http://hl7.org/fhir/tools/StructureDefinition/ig-parameter"><extension url="code"><valueString value="path-qa"/></extension><extension url="value"><valueString value="temp/qa"/></extension></extension><extension url="http://hl7.org/fhir/tools/StructureDefinition/ig-parameter"><extension url="code"><valueString value="path-temp"/></extension><extension url="value"><valueString value="temp/pages"/></extension></extension><extension url="http://hl7.org/fhir/tools/StructureDefinition/ig-parameter"><extension url="code"><valueString value="path-output"/></extension><extension url="value"><valueString value="output"/></extension></extension><extension url="http://hl7.org/fhir/tools/StructureDefinition/ig-parameter"><extension url="code"><valueString value="path-suppressed-warnings"/></extension><extension url="value"><valueString value="input/ignoreWarnings.txt"/></extension></extension><extension url="http://hl7.org/fhir/tools/StructureDefinition/ig-parameter"><extension url="code"><valueString value="path-history"/></extension><extension url="value"><valueString value="http://worldhealthorganization.github.io/smart-immunizations-mini/history.html"/></extension></extension><extension url="http://hl7.org/fhir/tools/StructureDefinition/ig-parameter"><extension url="code"><valueString value="template-html"/></extension><extension url="value"><valueString value="template-page.html"/></extension></extension><extension url="http://hl7.org/fhir/tools/StructureDefinition/ig-parameter"><extension url="code"><valueString value="template-md"/></extension><extension url="value"><valueString value="template-page-md.html"/></extension></extension><extension url="http://hl7.org/fhir/tools/StructureDefinition/ig-parameter"><extension url="code"><valueString value="apply-contact"/></extension><extension url="value"><valueString value="true"/></extension></extension><extension url="http://hl7.org/fhir/tools/StructureDefinition/ig-parameter"><extension url="code"><valueString value="apply-context"/></extension><extension url="value"><valueString value="true"/></extension></extension><extension url="http://hl7.org/fhir/tools/StructureDefinition/ig-parameter"><extension url="code"><valueString value="apply-copyright"/></extension><extension url="value"><valueString value="true"/></extension></extension><extension url="http://hl7.org/fhir/tools/StructureDefinition/ig-parameter"><extension url="code"><valueString value="apply-jurisdiction"/></extension><extension url="value"><valueString value="true"/></extension></extension><extension url="http://hl7.org/fhir/tools/StructureDefinition/ig-parameter"><extension url="code"><valueString value="apply-license"/></extension><extension url="value"><valueString value="true"/></extension></extension><extension url="http://hl7.org/fhir/tools/StructureDefinition/ig-parameter"><extension url="code"><valueString value="apply-publisher"/></extension><extension url="value"><valueString value="true"/></extension></extension><extension url="http://hl7.org/fhir/tools/StructureDefinition/ig-parameter"><extension url="code"><valueString value="apply-version"/></extension><extension url="value"><valueString value="true"/></extension></extension><extension url="http://hl7.org/fhir/tools/StructureDefinition/ig-parameter"><extension url="code"><valueString value="apply-wg"/></extension><extension url="value"><valueString value="true"/></extension></extension><extension url="http://hl7.org/fhir/tools/StructureDefinition/ig-parameter"><extension url="code"><valueString value="active-tables"/></extension><extension url="value"><valueString value="true"/></extension></extension><extension url="http://hl7.org/fhir/tools/StructureDefinition/ig-parameter"><extension url="code"><valueString value="fmm-definition"/></extension><extension url="value"><valueString value="http://hl7.org/fhir/versions.html#maturity"/></extension></extension><extension url="http://hl7.org/fhir/tools/StructureDefinition/ig-parameter"><extension url="code"><valueString value="propagate-status"/></extension><extension url="value"><valueString value="true"/></extension></extension><extension url="http://hl7.org/fhir/tools/StructureDefinition/ig-parameter"><extension url="code"><valueString value="excludelogbinaryformat"/></extension><extension url="value"><valueString value="true"/></extension></extension><extension url="http://hl7.org/fhir/tools/StructureDefinition/ig-parameter"><extension url="code"><valueString value="tabbed-snapshots"/></extension><extension url="value"><valueString value="true"/></extension></extension><extension url="http://hl7.org/fhir/tools/StructureDefinition/ig-internal-dependency"><valueCode value="hl7.fhir.uv.tools#current"/></extension><extension url="http://hl7.org/fhir/tools/StructureDefinition/ig-parameter"><extension url="code"><valueCode value="copyrightyear"/></extension><extension url="value"><valueString value="2023+"/></extension></extension><extension url="http://hl7.org/fhir/tools/StructureDefinition/ig-parameter"><extension url="code"><valueCode value="releaselabel"/></extension><extension url="value"><valueString value="ci-build"/></extension></extension><extension url="http://hl7.org/fhir/tools/StructureDefinition/ig-parameter"><extension url="code"><valueCode value="autoload-resources"/></extension><extension url="value"><valueString value="true"/></extension></extension><extension url="http://hl7.org/fhir/tools/StructureDefinition/ig-parameter"><extension url="code"><valueCode value="path-liquid"/></extension><extension url="value"><valueString value="template/liquid"/></extension></extension><extension url="http://hl7.org/fhir/tools/StructureDefinition/ig-parameter"><extension url="code"><valueCode value="path-liquid"/></extension><extension url="value"><valueString value="input/liquid"/></extension></extension><extension url="http://hl7.org/fhir/tools/StructureDefinition/ig-parameter"><extension url="code"><valueCode value="path-qa"/></extension><extension url="value"><valueString value="temp/qa"/></extension></extension><extension url="http://hl7.org/fhir/tools/StructureDefinition/ig-parameter"><extension url="code"><valueCode value="path-temp"/></extension><extension url="value"><valueString value="temp/pages"/></extension></extension><extension url="http://hl7.org/fhir/tools/StructureDefinition/ig-parameter"><extension url="code"><valueCode value="path-output"/></extension><extension url="value"><valueString value="output"/></extension></extension><extension url="http://hl7.org/fhir/tools/StructureDefinition/ig-parameter"><extension url="code"><valueCode value="path-suppressed-warnings"/></extension><extension url="value"><valueString value="input/ignoreWarnings.txt"/></extension></extension><extension url="http://hl7.org/fhir/tools/StructureDefinition/ig-parameter"><extension url="code"><valueCode value="path-history"/></extension><extension url="value"><valueString value="http://worldhealthorganization.github.io/smart-immunizations-mini/history.html"/></extension></extension><extension url="http://hl7.org/fhir/tools/StructureDefinition/ig-parameter"><extension url="code"><valueCode value="template-html"/></extension><extension url="value"><valueString value="template-page.html"/></extension></extension><extension url="http://hl7.org/fhir/tools/StructureDefinition/ig-parameter"><extension url="code"><valueCode value="template-md"/></extension><extension url="value"><valueString value="template-page-md.html"/></extension></extension><extension url="http://hl7.org/fhir/tools/StructureDefinition/ig-parameter"><extension url="code"><valueCode value="apply-contact"/></extension><extension url="value"><valueString value="true"/></extension></extension><extension url="http://hl7.org/fhir/tools/StructureDefinition/ig-parameter"><extension url="code"><valueCode value="apply-context"/></extension><extension url="value"><valueString value="true"/></extension></extension><extension url="http://hl7.org/fhir/tools/StructureDefinition/ig-parameter"><extension url="code"><valueCode value="apply-copyright"/></extension><extension url="value"><valueString value="true"/></extension></extension><extension url="http://hl7.org/fhir/tools/StructureDefinition/ig-parameter"><extension url="code"><valueCode value="apply-jurisdiction"/></extension><extension url="value"><valueString value="true"/></extension></extension><extension url="http://hl7.org/fhir/tools/StructureDefinition/ig-parameter"><extension url="code"><valueCode value="apply-license"/></extension><extension url="value"><valueString value="true"/></extension></extension><extension url="http://hl7.org/fhir/tools/StructureDefinition/ig-parameter"><extension url="code"><valueCode value="apply-publisher"/></extension><extension url="value"><valueString value="true"/></extension></extension><extension url="http://hl7.org/fhir/tools/StructureDefinition/ig-parameter"><extension url="code"><valueCode value="apply-version"/></extension><extension url="value"><valueString value="true"/></extension></extension><extension url="http://hl7.org/fhir/tools/StructureDefinition/ig-parameter"><extension url="code"><valueCode value="apply-wg"/></extension><extension url="value"><valueString value="true"/></extension></extension><extension url="http://hl7.org/fhir/tools/StructureDefinition/ig-parameter"><extension url="code"><valueCode value="active-tables"/></extension><extension url="value"><valueString value="true"/></extension></extension><extension url="http://hl7.org/fhir/tools/StructureDefinition/ig-parameter"><extension url="code"><valueCode value="fmm-definition"/></extension><extension url="value"><valueString value="http://hl7.org/fhir/versions.html#maturity"/></extension></extension><extension url="http://hl7.org/fhir/tools/StructureDefinition/ig-parameter"><extension url="code"><valueCode value="propagate-status"/></extension><extension url="value"><valueString value="true"/></extension></extension><extension url="http://hl7.org/fhir/tools/StructureDefinition/ig-parameter"><extension url="code"><valueCode value="excludelogbinaryformat"/></extension><extension url="value"><valueString value="true"/></extension></extension><extension url="http://hl7.org/fhir/tools/StructureDefinition/ig-parameter"><extension url="code"><valueCode value="tabbed-snapshots"/></extension><extension url="value"><valueString value="true"/></extension></extension><extension url="http://hl7.org/fhir/tools/StructureDefinition/ig-parameter"><extension url="code"><valueCode value="copyrightyear"/></extension><extension url="value"><valueString value="2023+"/></extension></extension><extension url="http://hl7.org/fhir/tools/StructureDefinition/ig-parameter"><extension url="code"><valueCode value="releaselabel"/></extension><extension url="value"><valueString value="ci-build"/></extension></extension><extension url="http://hl7.org/fhir/tools/StructureDefinition/ig-parameter"><extension url="code"><valueCode value="autoload-resources"/></extension><extension url="value"><valueString value="true"/></extension></extension><extension url="http://hl7.org/fhir/tools/StructureDefinition/ig-parameter"><extension url="code"><valueCode value="path-liquid"/></extension><extension url="value"><valueString value="template/liquid"/></extension></extension><extension url="http://hl7.org/fhir/tools/StructureDefinition/ig-parameter"><extension url="code"><valueCode value="path-liquid"/></extension><extension url="value"><valueString value="input/liquid"/></extension></extension><extension url="http://hl7.org/fhir/tools/StructureDefinition/ig-parameter"><extension url="code"><valueCode value="path-qa"/></extension><extension url="value"><valueString value="temp/qa"/></extension></extension><extension url="http://hl7.org/fhir/tools/StructureDefinition/ig-parameter"><extension url="code"><valueCode value="path-temp"/></extension><extension url="value"><valueString value="temp/pages"/></extension></extension><extension url="http://hl7.org/fhir/tools/StructureDefinition/ig-parameter"><extension url="code"><valueCode value="path-output"/></extension><extension url="value"><valueString value="output"/></extension></extension><extension url="http://hl7.org/fhir/tools/StructureDefinition/ig-parameter"><extension url="code"><valueCode value="path-suppressed-warnings"/></extension><extension url="value"><valueString value="input/ignoreWarnings.txt"/></extension></extension><extension url="http://hl7.org/fhir/tools/StructureDefinition/ig-parameter"><extension url="code"><valueCode value="path-history"/></extension><extension url="value"><valueString value="http://worldhealthorganization.github.io/smart-immunizations-mini/history.html"/></extension></extension><extension url="http://hl7.org/fhir/tools/StructureDefinition/ig-parameter"><extension url="code"><valueCode value="template-html"/></extension><extension url="value"><valueString value="template-page.html"/></extension></extension><extension url="http://hl7.org/fhir/tools/StructureDefinition/ig-parameter"><extension url="code"><valueCode value="template-md"/></extension><extension url="value"><valueString value="template-page-md.html"/></extension></extension><extension url="http://hl7.org/fhir/tools/StructureDefinition/ig-parameter"><extension url="code"><valueCode value="apply-contact"/></extension><extension url="value"><valueString value="true"/></extension></extension><extension url="http://hl7.org/fhir/tools/StructureDefinition/ig-parameter"><extension url="code"><valueCode value="apply-context"/></extension><extension url="value"><valueString value="true"/></extension></extension><extension url="http://hl7.org/fhir/tools/StructureDefinition/ig-parameter"><extension url="code"><valueCode value="apply-copyright"/></extension><extension url="value"><valueString value="true"/></extension></extension><extension url="http://hl7.org/fhir/tools/StructureDefinition/ig-parameter"><extension url="code"><valueCode value="apply-jurisdiction"/></extension><extension url="value"><valueString value="true"/></extension></extension><extension url="http://hl7.org/fhir/tools/StructureDefinition/ig-parameter"><extension url="code"><valueCode value="apply-license"/></extension><extension url="value"><valueString value="true"/></extension></extension><extension url="http://hl7.org/fhir/tools/StructureDefinition/ig-parameter"><extension url="code"><valueCode value="apply-publisher"/></extension><extension url="value"><valueString value="true"/></extension></extension><extension url="http://hl7.org/fhir/tools/StructureDefinition/ig-parameter"><extension url="code"><valueCode value="apply-version"/></extension><extension url="value"><valueString value="true"/></extension></extension><extension url="http://hl7.org/fhir/tools/StructureDefinition/ig-parameter"><extension url="code"><valueCode value="apply-wg"/></extension><extension url="value"><valueString value="true"/></extension></extension><extension url="http://hl7.org/fhir/tools/StructureDefinition/ig-parameter"><extension url="code"><valueCode value="active-tables"/></extension><extension url="value"><valueString value="true"/></extension></extension><extension url="http://hl7.org/fhir/tools/StructureDefinition/ig-parameter"><extension url="code"><valueCode value="fmm-definition"/></extension><extension url="value"><valueString value="http://hl7.org/fhir/versions.html#maturity"/></extension></extension><extension url="http://hl7.org/fhir/tools/StructureDefinition/ig-parameter"><extension url="code"><valueCode value="propagate-status"/></extension><extension url="value"><valueString value="true"/></extension></extension><extension url="http://hl7.org/fhir/tools/StructureDefinition/ig-parameter"><extension url="code"><valueCode value="excludelogbinaryformat"/></extension><extension url="value"><valueString value="true"/></extension></extension><extension url="http://hl7.org/fhir/tools/StructureDefinition/ig-parameter"><extension url="code"><valueCode value="tabbed-snapshots"/></extension><extension url="value"><valueString value="true"/></extension></extension><grouping id="-req-actordefinition"><name value="Requirements: Actor Definitions"/><description value="The following artifacts define the types of individuals and/or systems that will interact as part of the use cases covered by this implementation guide."/></grouping><grouping id="-str-logicalmodel"><name value="Structures: Logical Models"/><description value="These define data models that represent the domain covered by this implementation guide in more business-friendly terms than the underlying FHIR resources."/></grouping><grouping id="-str-questionnaire"><name value="Structures: Questionnaires"/><description value="These define forms used by systems conforming to this implementation guide to capture or expose data to end users."/></grouping><grouping id="-str-profile"><name value="Structures: Resource Profiles"/><description value="These define constraints on FHIR resources for systems conforming to this implementation guide."/></grouping><grouping id="-term-valueset"><name value="Terminology: Value Sets"/><description value="These define sets of codes used by systems conforming to this implementation guide."/></grouping><grouping id="-term-codesystem"><name value="Terminology: Code Systems"/><description value="These define new code systems used by systems conforming to this implementation guide."/></grouping><grouping id="-map-conceptmap"><name value="Terminology: Concept Maps"/><description value="These define transformations to convert between codes by systems conforming with this implementation guide."/></grouping><resource><extension url="http://hl7.org/fhir/tools/StructureDefinition/resource-sort"><valueInteger value="999999999"/></extension><extension url="http://hl7.org/fhir/StructureDefinition/implementationguide-page"><valueUri value="ActorDefinition-CommunityHealthWorker.html"/></extension><reference><reference value="ActorDefinition/CommunityHealthWorker"/></reference><name value="Community Health Worker"/><description value="Community health workers provide health education, referral and follow-up; case management and basic preventive health care; and home visiting services to specific communities. They provide support and assistance to clients by reminding clients to take their vaccinations, responding to emergencies, and reporting births."/><exampleBoolean value="false"/><groupingId value="-req-actordefinition"/></resource><resource><extension url="http://hl7.org/fhir/tools/StructureDefinition/resource-sort"><valueInteger value="999999999"/></extension><extension url="http://hl7.org/fhir/StructureDefinition/implementationguide-page"><valueUri value="ActorDefinition-EPIManager.html"/></extension><reference><reference value="ActorDefinition/EPIManager"/></reference><name value="Healthcare Worker"/><description value="Responsible for: developing annual and multi-annual plans; immunization communication and mobilization; management of logistics, the cold chain, and vaccines; monitoring, supervision and evaluation of immunization services; and coordination of EPI activities at the national and subnational levels."/><exampleBoolean value="false"/><groupingId value="-req-actordefinition"/></resource><resource><extension url="http://hl7.org/fhir/tools/StructureDefinition/resource-sort"><valueInteger value="999999999"/></extension><extension url="http://hl7.org/fhir/StructureDefinition/implementationguide-page"><valueUri value="ActorDefinition-HealthWorker.html"/></extension><reference><reference value="ActorDefinition/HealthWorker"/></reference><name value="Healthcare Worker"/><description value="Health workers facilitate education sessions, administers immunizations, provide counselling when needed, record stock movements, and compiles/generates reports."/><exampleBoolean value="false"/><groupingId value="-req-actordefinition"/></resource><resource><extension url="http://hl7.org/fhir/tools/StructureDefinition/resource-sort"><valueInteger value="999999999"/></extension><extension url="http://hl7.org/fhir/StructureDefinition/implementationguide-page"><valueUri value="StructureDefinition-IMMZ-D1-client-history-measles.html"/></extension><reference><reference value="StructureDefinition/IMMZ-D1-client-history-measles"/></reference><name value="IMMZ-D1 Capture Client History for Measles"/><description value="Data elements for the IMMZ-D1 Capture Client History Data Dictionary for Measles."/><exampleBoolean value="false"/><groupingId value="-str-logicalmodel"/></resource><resource><extension url="http://hl7.org/fhir/tools/StructureDefinition/resource-sort"><valueInteger value="999999999"/></extension><extension url="http://hl7.org/fhir/StructureDefinition/implementationguide-page"><valueUri value="StructureDefinition-IMMZ-C-register-client.html"/></extension><reference><reference value="StructureDefinition/IMMZ-C-register-client"/></reference><name value="IMMZ.C Register Client"/><exampleBoolean value="false"/><groupingId value="-str-logicalmodel"/></resource><resource><extension url="http://hl7.org/fhir/tools/StructureDefinition/resource-sort"><valueInteger value="999999999"/></extension><extension url="http://hl7.org/fhir/StructureDefinition/implementationguide-page"><valueUri value="Questionnaire-Questionnaire-IMMZCRegisterClient.html"/></extension><extension url="http://hl7.org/fhir/tools/StructureDefinition/contained-resource-information"><extension url="type"><valueCode value="ValueSet"/></extension><extension url="id"><valueId value="IMMZ-C-DE5"/></extension><extension url="title"><valueString value="ValueSet"/></extension><extension url="description"><valueString value="ValueSet for Sex for IMMZ-C-DE5."/></extension></extension><reference><reference value="Questionnaire/Questionnaire-IMMZCRegisterClient"/></reference><name value="Client Registration Questionnaire"/><description value="Immunization - Client Registration Questionnaire"/><exampleBoolean value="false"/><groupingId value="-str-questionnaire"/></resource><resource><extension url="http://hl7.org/fhir/tools/StructureDefinition/resource-sort"><valueInteger value="999999999"/></extension><extension url="http://hl7.org/fhir/StructureDefinition/implementationguide-page"><valueUri value="StructureDefinition-SMARTImplementationGuide.html"/></extension><reference><reference value="StructureDefinition/SMARTImplementationGuide"/></reference><name value="SMARTImplementationGuide"/><exampleBoolean value="false"/><groupingId value="-str-profile"/></resource><resource><extension url="http://hl7.org/fhir/tools/StructureDefinition/resource-sort"><valueInteger value="999999999"/></extension><extension url="http://hl7.org/fhir/StructureDefinition/implementationguide-page"><valueUri value="ValueSet-IMMZ-C-DE5.html"/></extension><reference><reference value="ValueSet/IMMZ-C-DE5"/></reference><name value="IMMZ-C-DE5 ValueSet for Sex"/><description value="ValueSet for Sex for IMMZ-C-DE5."/><exampleBoolean value="false"/><groupingId value="-term-valueset"/></resource><resource><extension url="http://hl7.org/fhir/tools/StructureDefinition/resource-sort"><valueInteger value="999999999"/></extension><extension url="http://hl7.org/fhir/StructureDefinition/implementationguide-page"><valueUri value="ValueSet-IMMZ-D1.DE10.html"/></extension><reference><reference value="ValueSet/IMMZ-D1.DE10"/></reference><name value="IMMZ-D1.DE10 ValueSet for HIV Status"/><description value="ValueSet for HIV Status for IMMZ-D1.DE10."/><exampleBoolean value="false"/><groupingId value="-term-valueset"/></resource><resource><extension url="http://hl7.org/fhir/tools/StructureDefinition/resource-sort"><valueInteger value="999999999"/></extension><extension url="http://hl7.org/fhir/StructureDefinition/implementationguide-page"><valueUri value="ValueSet-IMMZ-D1.DE35.html"/></extension><reference><reference value="ValueSet/IMMZ-D1.DE35"/></reference><name value="IMMZ-D1.DE35 ValueSet for Type of polio dose"/><description value="ValueSet for Type of polio dose for IMMZ-D1.DE35."/><exampleBoolean value="false"/><groupingId value="-term-valueset"/></resource><resource><extension url="http://hl7.org/fhir/tools/StructureDefinition/resource-sort"><valueInteger value="999999999"/></extension><extension url="http://hl7.org/fhir/StructureDefinition/implementationguide-page"><valueUri value="ValueSet-IMMZ-D1.DE52.html"/></extension><reference><reference value="ValueSet/IMMZ-D1.DE52"/></reference><name value="IMMZ-D1.DE52 ValueSet for Type of last JE dose"/><description value="ValueSet for Type of last JE dose for IMMZ-D1.DE52."/><exampleBoolean value="false"/><groupingId value="-term-valueset"/></resource><resource><extension url="http://hl7.org/fhir/tools/StructureDefinition/resource-sort"><valueInteger value="999999999"/></extension><extension url="http://hl7.org/fhir/StructureDefinition/implementationguide-page"><valueUri value="ValueSet-IMMZ-D1.DE56.html"/></extension><reference><reference value="ValueSet/IMMZ-D1.DE56"/></reference><name value="IMMZ-D1.DE56 ValueSet for Type of last TBE dose"/><description value="ValueSet for Type of last TBE dose for IMMZ-D1.DE56."/><exampleBoolean value="false"/><groupingId value="-term-valueset"/></resource><resource><extension url="http://hl7.org/fhir/tools/StructureDefinition/resource-sort"><valueInteger value="999999999"/></extension><extension url="http://hl7.org/fhir/StructureDefinition/implementationguide-page"><valueUri value="ValueSet-IMMZ-D1.DE61.html"/></extension><reference><reference value="ValueSet/IMMZ-D1.DE61"/></reference><name value="IMMZ-D1.DE61 ValueSet for Type of last typhoid dose"/><description value="ValueSet for Type of last typhoid dose for IMMZ-D1.DE61."/><exampleBoolean value="false"/><groupingId value="-term-valueset"/></resource><resource><extension url="http://hl7.org/fhir/tools/StructureDefinition/resource-sort"><valueInteger value="999999999"/></extension><extension url="http://hl7.org/fhir/StructureDefinition/implementationguide-page"><valueUri value="ValueSet-IMMZ-D1.DE65.html"/></extension><reference><reference value="ValueSet/IMMZ-D1.DE65"/></reference><name value="IMMZ-D1.DE65 ValueSet for Type of last cholera dose"/><description value="ValueSet for Type of last cholera dose for IMMZ-D1.DE65."/><exampleBoolean value="false"/><groupingId value="-term-valueset"/></resource><resource><extension url="http://hl7.org/fhir/tools/StructureDefinition/resource-sort"><valueInteger value="999999999"/></extension><extension url="http://hl7.org/fhir/StructureDefinition/implementationguide-page"><valueUri value="ValueSet-IMMZ-D1.DE68.html"/></extension><reference><reference value="ValueSet/IMMZ-D1.DE68"/></reference><name value="IMMZ-D1.DE68 ValueSet for Type of last meningococcal dose"/><description value="ValueSet for Type of last meningococcal dose for IMMZ-D1.DE68."/><exampleBoolean value="false"/><groupingId value="-term-valueset"/></resource><resource><extension url="http://hl7.org/fhir/tools/StructureDefinition/resource-sort"><valueInteger value="999999999"/></extension><extension url="http://hl7.org/fhir/StructureDefinition/implementationguide-page"><valueUri value="ValueSet-IMMZ-D1.DE73.html"/></extension><reference><reference value="ValueSet/IMMZ-D1.DE73"/></reference><name value="IMMZ-D1.DE73 ValueSet for Type of last hepatitis A dose"/><description value="ValueSet for Type of last hepatitis A dose for IMMZ-D1.DE73."/><exampleBoolean value="false"/><groupingId value="-term-valueset"/></resource><resource><extension url="http://hl7.org/fhir/tools/StructureDefinition/resource-sort"><valueInteger value="999999999"/></extension><extension url="http://hl7.org/fhir/StructureDefinition/implementationguide-page"><valueUri value="ValueSet-IMMZ-D1.DE84.html"/></extension><reference><reference value="ValueSet/IMMZ-D1.DE84"/></reference><name value="IMMZ-D1.DE84 ValueSet for Type of TB infection test performed"/><description value="ValueSet for Type of TB infection test performed for IMMZ-D1.DE84."/><exampleBoolean value="false"/><groupingId value="-term-valueset"/></resource><resource><extension url="http://hl7.org/fhir/tools/StructureDefinition/resource-sort"><valueInteger value="999999999"/></extension><extension url="http://hl7.org/fhir/StructureDefinition/implementationguide-page"><valueUri value="ValueSet-IMMZ-D1.DE87.html"/></extension><reference><reference value="ValueSet/IMMZ-D1.DE87"/></reference><name value="IMMZ-D1.DE87 ValueSet for TB infection test result"/><description value="ValueSet for TB infection test result for IMMZ-D1.DE87."/><exampleBoolean value="false"/><groupingId value="-term-valueset"/></resource><resource><extension url="http://hl7.org/fhir/tools/StructureDefinition/resource-sort"><valueInteger value="999999999"/></extension><extension url="http://hl7.org/fhir/StructureDefinition/implementationguide-page"><valueUri value="CodeSystem-IMMZ-C.html"/></extension><reference><reference value="CodeSystem/IMMZ-C"/></reference><name value="IMMZ-C CodeSystem for Data Elements"/><description value="CodeSystem for IMMZ.C Data Elements"/><exampleBoolean value="false"/><groupingId value="-term-codesystem"/></resource><resource><extension url="http://hl7.org/fhir/tools/StructureDefinition/resource-sort"><valueInteger value="999999999"/></extension><extension url="http://hl7.org/fhir/StructureDefinition/implementationguide-page"><valueUri value="CodeSystem-IMMZ-D1.html"/></extension><reference><reference value="CodeSystem/IMMZ-D1"/></reference><name value="IMMZ-D1 CodeSystem for Data Elements"/><description value="CodeSystem for IMMZ.C Data Elements"/><exampleBoolean value="false"/><groupingId value="-term-codesystem"/></resource><resource><extension url="http://hl7.org/fhir/tools/StructureDefinition/resource-sort"><valueInteger value="999999999"/></extension><extension url="http://hl7.org/fhir/StructureDefinition/implementationguide-page"><valueUri value="ConceptMap-IMMZ-C-SexToAdministrativeGender.html"/></extension><reference><reference value="ConceptMap/IMMZ-C-SexToAdministrativeGender"/></reference><name value="IMMZ-C-SexToAdministrativeGender"/><description value="Mapping to and from IMMZ.C sex coding to FHIR Administrative Gender."/><exampleBoolean value="false"/><groupingId value="-map-conceptmap"/></resource><resource><extension url="http://hl7.org/fhir/tools/StructureDefinition/resource-sort"><valueInteger value="999999999"/></extension><extension url="http://hl7.org/fhir/StructureDefinition/implementationguide-page"><valueUri value="ConceptMap-IMMZ-D1.ConceptMap.html"/></extension><reference><reference value="ConceptMap/IMMZ-D1.ConceptMap"/></reference><name value="IMMZ-D1.ConceptMap"/><description value="Mapping to and from IMMZ-D1 Data Dictionary to other codesystems."/><exampleBoolean value="false"/><groupingId value="-map-conceptmap"/></resource><resource><extension url="http://hl7.org/fhir/tools/StructureDefinition/resource-sort"><valueInteger value="999999999"/></extension><extension url="http://hl7.org/fhir/StructureDefinition/implementationguide-page"><valueUri value="ConceptMap-IMMZ.C.ConceptMap.html"/></extension><reference><reference value="ConceptMap/IMMZ.C.ConceptMap"/></reference><name value="IMMZ.C.ConceptMap"/><description value="Mapping to and from IMMZ.C Data Dictionary to other codesystems."/><exampleBoolean value="false"/><groupingId value="-map-conceptmap"/></resource><page><extension url="http://hl7.org/fhir/tools/StructureDefinition/ig-page-name"><valueUrl value="toc.html"/></extension><nameUrl value="toc.html"/><title value="Table of Contents"/><generation value="html"/><page><extension url="http://hl7.org/fhir/tools/StructureDefinition/ig-page-name"><valueUrl value="index.html"/></extension><nameUrl value="index.html"/><title value="Home"/><generation value="markdown"/><page><extension url="http://hl7.org/fhir/tools/StructureDefinition/ig-page-name"><valueUrl value="changes.html"/></extension><nameUrl value="changes.html"/><title value="Changes"/><generation value="markdown"/></page><page><extension url="http://hl7.org/fhir/tools/StructureDefinition/ig-page-name"><valueUrl value="dependencies.html"/></extension><nameUrl value="dependencies.html"/><title value="Dependencies"/><generation value="markdown"/></page><page><extension url="http://hl7.org/fhir/tools/StructureDefinition/ig-page-name"><valueUrl value="references.html"/></extension><nameUrl value="references.html"/><title value="References"/><generation value="markdown"/></page><page><extension url="http://hl7.org/fhir/tools/StructureDefinition/ig-page-name"><valueUrl value="adapting.html"/></extension><nameUrl value="adapting.html"/><title value="Adapting Guidelines for Country use"/><generation value="markdown"/></page><page><extension url="http://hl7.org/fhir/tools/StructureDefinition/ig-page-name"><valueUrl value="license.html"/></extension><nameUrl value="license.html"/><title value="License"/><generation value="markdown"/></page></page><page><extension url="http://hl7.org/fhir/tools/StructureDefinition/ig-page-name"><valueUrl value="business-requirements.html"/></extension><nameUrl value="business-requirements.html"/><title value="Business Requirements"/><generation value="markdown"/><page><extension url="http://hl7.org/fhir/tools/StructureDefinition/ig-page-name"><valueUrl value="concepts.html"/></extension><nameUrl value="concepts.html"/><title value="Concepts"/><generation value="markdown"/></page><page><extension url="http://hl7.org/fhir/tools/StructureDefinition/ig-page-name"><valueUrl value="personas.html"/></extension><nameUrl value="personas.html"/><title value="Generic Personas"/><generation value="markdown"/></page><page><extension url="http://hl7.org/fhir/tools/StructureDefinition/ig-page-name"><valueUrl value="scenarios.html"/></extension><nameUrl value="scenarios.html"/><title value="User Scenarios"/><generation value="markdown"/></page><page><extension url="http://hl7.org/fhir/tools/StructureDefinition/ig-page-name"><valueUrl value="business-processes.html"/></extension><nameUrl value="business-processes.html"/><title value="Business Processes"/><generation value="markdown"/></page><page><extension url="http://hl7.org/fhir/tools/StructureDefinition/ig-page-name"><valueUrl value="dictionary.html"/></extension><nameUrl value="dictionary.html"/><title value="Data Dictionary"/><generation value="markdown"/></page><page><extension url="http://hl7.org/fhir/tools/StructureDefinition/ig-page-name"><valueUrl value="decision-logic.html"/></extension><nameUrl value="decision-logic.html"/><title value="Decision-support logic"/><generation value="markdown"/></page><page><extension url="http://hl7.org/fhir/tools/StructureDefinition/ig-page-name"><valueUrl value="indicators.html"/></extension><nameUrl value="indicators.html"/><title value="Indicator and Performance Metrics"/><generation value="markdown"/></page><page><extension url="http://hl7.org/fhir/tools/StructureDefinition/ig-page-name"><valueUrl value="functional-requirements.html"/></extension><nameUrl value="functional-requirements.html"/><title value="Functional Requirements"/><generation value="markdown"/></page><page><extension url="http://hl7.org/fhir/tools/StructureDefinition/ig-page-name"><valueUrl value="non-functional-requirements.html"/></extension><nameUrl value="non-functional-requirements.html"/><title value="Non-functional Requirements"/><generation value="markdown"/></page></page><page><extension url="http://hl7.org/fhir/tools/StructureDefinition/ig-page-name"><valueUrl value="data-models-and-exchange.html"/></extension><nameUrl value="data-models-and-exchange.html"/><title value="Data Models and Exchange"/><generation value="markdown"/><page><extension url="http://hl7.org/fhir/tools/StructureDefinition/ig-page-name"><valueUrl value="system-actors.html"/></extension><nameUrl value="system-actors.html"/><title value="System Actors"/><generation value="markdown"/></page><page><extension url="http://hl7.org/fhir/tools/StructureDefinition/ig-page-name"><valueUrl value="sequence-diagrams.html"/></extension><nameUrl value="sequence-diagrams.html"/><title value="Sequence Diagrams"/><generation value="markdown"/></page><page><extension url="http://hl7.org/fhir/tools/StructureDefinition/ig-page-name"><valueUrl value="transactions.html"/></extension><nameUrl value="transactions.html"/><title value="Transactions"/><generation value="markdown"/></page><page><extension url="http://hl7.org/fhir/tools/StructureDefinition/ig-page-name"><valueUrl value="indicators-measures.html"/></extension><nameUrl value="indicators-measures.html"/><title value="Indicators and Measures"/><generation value="markdown"/></page><page><extension url="http://hl7.org/fhir/tools/StructureDefinition/ig-page-name"><valueUrl value="codings.html"/></extension><nameUrl value="codings.html"/><title value="Codings"/><generation value="markdown"/></page></page><page><extension url="http://hl7.org/fhir/tools/StructureDefinition/ig-page-name"><valueUrl value="deployment.html"/></extension><nameUrl value="deployment.html"/><title value="Deployment"/><generation value="markdown"/><page><extension url="http://hl7.org/fhir/tools/StructureDefinition/ig-page-name"><valueUrl value="security-privacy.html"/></extension><nameUrl value="security-privacy.html"/><title value="Security and Privacy Considerations"/><generation value="markdown"/></page><page><extension url="http://hl7.org/fhir/tools/StructureDefinition/ig-page-name"><valueUrl value="testing.html"/></extension><nameUrl value="testing.html"/><title value="Testing"/><generation value="markdown"/></page><page><extension url="http://hl7.org/fhir/tools/StructureDefinition/ig-page-name"><valueUrl value="test-data.html"/></extension><nameUrl value="test-data.html"/><title value="Test Data"/><generation value="markdown"/></page><page><extension url="http://hl7.org/fhir/tools/StructureDefinition/ig-page-name"><valueUrl value="reference-implementations.html"/></extension><nameUrl value="reference-implementations.html"/><title value="Reference Implementations"/><generation value="markdown"/></page><page><extension url="http://hl7.org/fhir/tools/StructureDefinition/ig-page-name"><valueUrl value="downloads.html"/></extension><nameUrl value="downloads.html"/><title value="Downloads"/><generation value="markdown"/></page></page><page><extension url="http://hl7.org/fhir/tools/StructureDefinition/ig-page-name"><valueUrl value="indices.html"/></extension><nameUrl value="indices.html"/><title value="Indices"/><generation value="markdown"/><page><extension url="http://hl7.org/fhir/tools/StructureDefinition/ig-page-name"><valueUrl value="artifacts.html"/></extension><nameUrl value="artifacts.html"/><title value="Artifact Index"/><generation value="html"/><page><extension url="http://hl7.org/fhir/tools/StructureDefinition/ig-page-name"><valueUrl value="ActorDefinition-CommunityHealthWorker.html"/></extension><nameUrl value="ActorDefinition-CommunityHealthWorker.html"/><title value="Community Health Worker"/><generation value="generated"/></page><page><extension url="http://hl7.org/fhir/tools/StructureDefinition/ig-page-name"><valueUrl value="ActorDefinition-EPIManager.html"/></extension><nameUrl value="ActorDefinition-EPIManager.html"/><title value="Healthcare Worker"/><generation value="generated"/></page><page><extension url="http://hl7.org/fhir/tools/StructureDefinition/ig-page-name"><valueUrl value="ActorDefinition-HealthWorker.html"/></extension><nameUrl value="ActorDefinition-HealthWorker.html"/><title value="Healthcare Worker"/><generation value="generated"/></page><page><extension url="http://hl7.org/fhir/tools/StructureDefinition/ig-page-name"><valueUrl value="StructureDefinition-IMMZ-D1-client-history-measles.html"/></extension><nameUrl value="StructureDefinition-IMMZ-D1-client-history-measles.html"/><title value="IMMZ-D1 Capture Client History for Measles"/><generation value="generated"/></page><page><extension url="http://hl7.org/fhir/tools/StructureDefinition/ig-page-name"><valueUrl value="StructureDefinition-IMMZ-C-register-client.html"/></extension><nameUrl value="StructureDefinition-IMMZ-C-register-client.html"/><title value="IMMZ.C Register Client"/><generation value="generated"/></page><page><extension url="http://hl7.org/fhir/tools/StructureDefinition/ig-page-name"><valueUrl value="Questionnaire-Questionnaire-IMMZCRegisterClient.html"/></extension><nameUrl value="Questionnaire-Questionnaire-IMMZCRegisterClient.html"/><title value="Client Registration Questionnaire"/><generation value="generated"/><page><extension url="http://hl7.org/fhir/tools/StructureDefinition/ig-page-name"><valueUrl value="ValueSet-Questionnaire-IMMZCRegisterClient_IMMZ-C-DE5.html"/></extension><nameUrl value="ValueSet-Questionnaire-IMMZCRegisterClient_IMMZ-C-DE5.html"/><title value="ValueSet"/><generation value="generated"/></page></page><page><extension url="http://hl7.org/fhir/tools/StructureDefinition/ig-page-name"><valueUrl value="StructureDefinition-SMARTImplementationGuide.html"/></extension><nameUrl value="StructureDefinition-SMARTImplementationGuide.html"/><title value="SMARTImplementationGuide"/><generation value="generated"/></page><page><extension url="http://hl7.org/fhir/tools/StructureDefinition/ig-page-name"><valueUrl value="ValueSet-IMMZ-C-DE5.html"/></extension><nameUrl value="ValueSet-IMMZ-C-DE5.html"/><title value="IMMZ-C-DE5 ValueSet for Sex"/><generation value="generated"/></page><page><extension url="http://hl7.org/fhir/tools/StructureDefinition/ig-page-name"><valueUrl value="ValueSet-IMMZ-D1.DE10.html"/></extension><nameUrl value="ValueSet-IMMZ-D1.DE10.html"/><title value="IMMZ-D1.DE10 ValueSet for HIV Status"/><generation value="generated"/></page><page><extension url="http://hl7.org/fhir/tools/StructureDefinition/ig-page-name"><valueUrl value="ValueSet-IMMZ-D1.DE35.html"/></extension><nameUrl value="ValueSet-IMMZ-D1.DE35.html"/><title value="IMMZ-D1.DE35 ValueSet for Type of polio dose"/><generation value="generated"/></page><page><extension url="http://hl7.org/fhir/tools/StructureDefinition/ig-page-name"><valueUrl value="ValueSet-IMMZ-D1.DE52.html"/></extension><nameUrl value="ValueSet-IMMZ-D1.DE52.html"/><title value="IMMZ-D1.DE52 ValueSet for Type of last JE dose"/><generation value="generated"/></page><page><extension url="http://hl7.org/fhir/tools/StructureDefinition/ig-page-name"><valueUrl value="ValueSet-IMMZ-D1.DE56.html"/></extension><nameUrl value="ValueSet-IMMZ-D1.DE56.html"/><title value="IMMZ-D1.DE56 ValueSet for Type of last TBE dose"/><generation value="generated"/></page><page><extension url="http://hl7.org/fhir/tools/StructureDefinition/ig-page-name"><valueUrl value="ValueSet-IMMZ-D1.DE61.html"/></extension><nameUrl value="ValueSet-IMMZ-D1.DE61.html"/><title value="IMMZ-D1.DE61 ValueSet for Type of last typhoid dose"/><generation value="generated"/></page><page><extension url="http://hl7.org/fhir/tools/StructureDefinition/ig-page-name"><valueUrl value="ValueSet-IMMZ-D1.DE65.html"/></extension><nameUrl value="ValueSet-IMMZ-D1.DE65.html"/><title value="IMMZ-D1.DE65 ValueSet for Type of last cholera dose"/><generation value="generated"/></page><page><extension url="http://hl7.org/fhir/tools/StructureDefinition/ig-page-name"><valueUrl value="ValueSet-IMMZ-D1.DE68.html"/></extension><nameUrl value="ValueSet-IMMZ-D1.DE68.html"/><title value="IMMZ-D1.DE68 ValueSet for Type of last meningococcal dose"/><generation value="generated"/></page><page><extension url="http://hl7.org/fhir/tools/StructureDefinition/ig-page-name"><valueUrl value="ValueSet-IMMZ-D1.DE73.html"/></extension><nameUrl value="ValueSet-IMMZ-D1.DE73.html"/><title value="IMMZ-D1.DE73 ValueSet for Type of last hepatitis A dose"/><generation value="generated"/></page><page><extension url="http://hl7.org/fhir/tools/StructureDefinition/ig-page-name"><valueUrl value="ValueSet-IMMZ-D1.DE84.html"/></extension><nameUrl value="ValueSet-IMMZ-D1.DE84.html"/><title value="IMMZ-D1.DE84 ValueSet for Type of TB infection test performed"/><generation value="generated"/></page><page><extension url="http://hl7.org/fhir/tools/StructureDefinition/ig-page-name"><valueUrl value="ValueSet-IMMZ-D1.DE87.html"/></extension><nameUrl value="ValueSet-IMMZ-D1.DE87.html"/><title value="IMMZ-D1.DE87 ValueSet for TB infection test result"/><generation value="generated"/></page><page><extension url="http://hl7.org/fhir/tools/StructureDefinition/ig-page-name"><valueUrl value="CodeSystem-IMMZ-C.html"/></extension><nameUrl value="CodeSystem-IMMZ-C.html"/><title value="IMMZ-C CodeSystem for Data Elements"/><generation value="generated"/></page><page><extension url="http://hl7.org/fhir/tools/StructureDefinition/ig-page-name"><valueUrl value="CodeSystem-IMMZ-D1.html"/></extension><nameUrl value="CodeSystem-IMMZ-D1.html"/><title value="IMMZ-D1 CodeSystem for Data Elements"/><generation value="generated"/></page><page><extension url="http://hl7.org/fhir/tools/StructureDefinition/ig-page-name"><valueUrl value="ConceptMap-IMMZ-C-SexToAdministrativeGender.html"/></extension><nameUrl value="ConceptMap-IMMZ-C-SexToAdministrativeGender.html"/><title value="IMMZ-C-SexToAdministrativeGender"/><generation value="generated"/></page><page><extension url="http://hl7.org/fhir/tools/StructureDefinition/ig-page-name"><valueUrl value="ConceptMap-IMMZ-D1.ConceptMap.html"/></extension><nameUrl value="ConceptMap-IMMZ-D1.ConceptMap.html"/><title value="IMMZ-D1.ConceptMap"/><generation value="generated"/></page><page><extension url="http://hl7.org/fhir/tools/StructureDefinition/ig-page-name"><valueUrl value="ConceptMap-IMMZ.C.ConceptMap.html"/></extension><nameUrl value="ConceptMap-IMMZ.C.ConceptMap.html"/><title value="IMMZ.C.ConceptMap"/><generation value="generated"/></page></page><page><extension url="http://hl7.org/fhir/tools/StructureDefinition/ig-page-name"><valueUrl value="maps.html"/></extension><nameUrl value="maps.html"/><title value="Mappings"/><generation value="markdown"/></page></page></page><parameter><code value="path-resource"/><value value="input/actors"/></parameter><parameter><code value="path-resource"/><value value="input/capabilities"/></parameter><parameter><code value="path-resource"/><value value="input/examples"/></parameter><parameter><code value="path-resource"/><value value="input/extensions"/></parameter><parameter><code value="path-resource"/><value value="input/models"/></parameter><parameter><code value="path-resource"/><value value="input/operations"/></parameter><parameter><code value="path-resource"/><value value="input/profiles"/></parameter><parameter><code value="path-resource"/><value value="input/resources"/></parameter><parameter><code value="path-resource"/><value value="input/vocabulary"/></parameter><parameter><code value="path-resource"/><value value="input/testing"/></parameter><parameter><code value="path-resource"/><value value="input/history"/></parameter><parameter><code value="path-resource"/><value value="fsh-generated/resources"/></parameter><parameter><code value="path-pages"/><value value="template/config"/></parameter><parameter><code value="path-pages"/><value value="input/images"/></parameter><parameter><code value="path-tx-cache"/><value value="input-cache/txcache"/></parameter></definition></ImplementationGuide>