<?xml version="1.0" encoding="UTF-8"?><ValueSet xmlns="http://hl7.org/fhir"><id value="IMMZ-D1.DE52"/><text><status value="generated"/><div xmlns="http://www.w3.org/1999/xhtml"><ul><li>Include these codes as defined in <a href="CodeSystem-IMMZ-D1.html"><code>http://worldhealthorganization.github.io/smart-immunizations-mini/CodeSystem/IMMZ-D1</code></a><table class="none"><tr><td style="white-space:nowrap"><b>Code</b></td><td><b>Display</b></td></tr><tr><td><a href="CodeSystem-IMMZ-D1.html#IMMZ-D1-DE53">DE53</a></td><td>Inactivated Vero cell-derived vaccine</td></tr><tr><td><a href="CodeSystem-IMMZ-D1.html#IMMZ-D1-DE54">DE54</a></td><td>Live attenuated vaccine</td></tr><tr><td><a href="CodeSystem-IMMZ-D1.html#IMMZ-D1-DE55">DE55</a></td><td>Live recombinant vaccine</td></tr></table></li></ul></div></text><url value="http://worldhealthorganization.github.io/smart-immunizations-mini/ValueSet/IMMZ-D1.DE52"/><version value="0.1.0"/><name value="IMMZ_D1_DE52"/><title value="IMMZ-D1.DE52 ValueSet for Type of last JE dose"/><status value="active"/><date value="2023-09-20T16:48:16+00:00"/><publisher value="WHO"/><contact><name value="WHO"/><telecom><system value="url"/><value value="http://who.int"/></telecom></contact><description value="ValueSet for Type of last JE dose for IMMZ-D1.DE52."/><compose><include><system value="http://worldhealthorganization.github.io/smart-immunizations-mini/CodeSystem/IMMZ-D1"/><concept><code value="DE53"/><display value="Inactivated Vero cell-derived vaccine"/></concept><concept><code value="DE54"/><display value="Live attenuated vaccine"/></concept><concept><code value="DE55"/><display value="Live recombinant vaccine"/></concept></include></compose></ValueSet>