<?xml version="1.0" encoding="UTF-8"?><ValueSet xmlns="http://hl7.org/fhir"><id value="IMMZ-D1.DE65"/><text><status value="generated"/><div xmlns="http://www.w3.org/1999/xhtml"><ul><li>Include these codes as defined in <a href="CodeSystem-IMMZ-D1.html"><code>http://worldhealthorganization.github.io/smart-immunizations-mini/CodeSystem/IMMZ-D1</code></a><table class="none"><tr><td style="white-space:nowrap"><b>Code</b></td><td><b>Display</b></td></tr><tr><td><a href="CodeSystem-IMMZ-D1.html#IMMZ-D1-DE66">DE66</a></td><td>WC vaccine</td></tr><tr><td><a href="CodeSystem-IMMZ-D1.html#IMMZ-D1-DE67">DE67</a></td><td>WC-rBS vaccine</td></tr></table></li></ul></div></text><url value="http://worldhealthorganization.github.io/smart-immunizations-mini/ValueSet/IMMZ-D1.DE65"/><version value="0.1.0"/><name value="IMMZ_D1_DE65"/><title value="IMMZ-D1.DE65 ValueSet for Type of last cholera dose"/><status value="active"/><date value="2023-09-20T16:48:16+00:00"/><publisher value="WHO"/><contact><name value="WHO"/><telecom><system value="url"/><value value="http://who.int"/></telecom></contact><description value="ValueSet for Type of last cholera dose for IMMZ-D1.DE65."/><compose><include><system value="http://worldhealthorganization.github.io/smart-immunizations-mini/CodeSystem/IMMZ-D1"/><concept><code value="DE66"/><display value="WC vaccine"/></concept><concept><code value="DE67"/><display value="WC-rBS vaccine"/></concept></include></compose></ValueSet>