<?xml version="1.0" encoding="UTF-8"?><ValueSet xmlns="http://hl7.org/fhir"><id value="IMMZ-D1.DE10"/><text><status value="generated"/><div xmlns="http://www.w3.org/1999/xhtml"><ul><li>Include these codes as defined in <a href="CodeSystem-IMMZ-D1.html"><code>http://worldhealthorganization.github.io/smart-immunizations-mini/CodeSystem/IMMZ-D1</code></a><table class="none"><tr><td style="white-space:nowrap"><b>Code</b></td><td><b>Display</b></td></tr><tr><td><a href="CodeSystem-IMMZ-D1.html#IMMZ-D1-DE11">DE11</a></td><td>HIV-positive</td></tr><tr><td><a href="CodeSystem-IMMZ-D1.html#IMMZ-D1-DE12">DE12</a></td><td>HIV-negative</td></tr><tr><td><a href="CodeSystem-IMMZ-D1.html#IMMZ-D1-DE13">DE13</a></td><td>Unknown</td></tr></table></li></ul></div></text><url value="http://worldhealthorganization.github.io/smart-immunizations-mini/ValueSet/IMMZ-D1.DE10"/><version value="0.1.0"/><name value="IMMZ_D1_DE10"/><title value="IMMZ-D1.DE10 ValueSet for HIV Status"/><status value="active"/><date value="2023-09-20T16:48:16+00:00"/><publisher value="WHO"/><contact><name value="WHO"/><telecom><system value="url"/><value value="http://who.int"/></telecom></contact><description value="ValueSet for HIV Status for IMMZ-D1.DE10."/><compose><include><system value="http://worldhealthorganization.github.io/smart-immunizations-mini/CodeSystem/IMMZ-D1"/><concept><code value="DE11"/><display value="HIV-positive"/></concept><concept><code value="DE12"/><display value="HIV-negative"/></concept><concept><code value="DE13"/><display value="Unknown"/></concept></include></compose></ValueSet>