<?xml version="1.0" encoding="UTF-8"?><ValueSet xmlns="http://hl7.org/fhir"><id value="IMMZ-D1.DE84"/><text><status value="generated"/><div xmlns="http://www.w3.org/1999/xhtml"><ul><li>Include these codes as defined in <a href="CodeSystem-IMMZ-D1.html"><code>http://worldhealthorganization.github.io/smart-immunizations-mini/CodeSystem/IMMZ-D1</code></a><table class="none"><tr><td style="white-space:nowrap"><b>Code</b></td><td><b>Display</b></td></tr><tr><td><a href="CodeSystem-IMMZ-D1.html#IMMZ-D1-DE85">DE85</a></td><td>IGRA</td></tr><tr><td><a href="CodeSystem-IMMZ-D1.html#IMMZ-D1-DE86">DE86</a></td><td>TST</td></tr></table></li></ul></div></text><url value="http://worldhealthorganization.github.io/smart-immunizations-mini/ValueSet/IMMZ-D1.DE84"/><version value="0.1.0"/><name value="IMMZ_D1_DE84"/><title value="IMMZ-D1.DE84 ValueSet for Type of TB infection test performed"/><status value="active"/><date value="2023-09-20T16:48:16+00:00"/><publisher value="WHO"/><contact><name value="WHO"/><telecom><system value="url"/><value value="http://who.int"/></telecom></contact><description value="ValueSet for Type of TB infection test performed for IMMZ-D1.DE84."/><compose><include><system value="http://worldhealthorganization.github.io/smart-immunizations-mini/CodeSystem/IMMZ-D1"/><concept><code value="DE85"/><display value="IGRA"/></concept><concept><code value="DE86"/><display value="TST"/></concept></include></compose></ValueSet>