{
  "resourceType" : "CodeSystem",
  "id" : "IMMZ-D1",
  "text" : {
    "status" : "generated",
    "div" : "<div xmlns=\"http://www.w3.org/1999/xhtml\">Placeholder</div>"
  },
  "url" : "http://worldhealthorganization.github.io/smart-immunizations-mini/CodeSystem/IMMZ-D1",
  "version" : "0.1.0",
  "name" : "IMMZ_D1",
  "title" : "IMMZ-D1 CodeSystem for Data Elements",
  "status" : "draft",
  "experimental" : false,
  "date" : "2023-09-20T16:48:16+00:00",
  "publisher" : "WHO",
  "contact" : [{
    "name" : "WHO",
    "telecom" : [{
      "system" : "url",
      "value" : "http://who.int"
    }]
  }],
  "description" : "CodeSystem for IMMZ.C Data Elements",
  "caseSensitive" : false,
  "content" : "complete",
  "count" : 58,
  "concept" : [{
    "code" : "DE80",
    "display" : "Dose 0 administered",
    "definition" : "Indicates if the client has received a birth dose and/or supplementary dose"
  },
  {
    "code" : "DE8",
    "display" : "Completed the primary vaccination series",
    "definition" : "Indicates if the client has completed the primary vaccination series of a product/antigen. If the client has not yet completed their primary series, it means they may be expected to receive more doses to complete their vaccination regimen for the respective product/antigen."
  },
  {
    "code" : "DE81",
    "display" : "Date when primary vaccination series was completed",
    "definition" : "The date when the client completed the primary vaccination series (per product/antigen)"
  },
  {
    "code" : "DE9",
    "display" : "Currently pregnant",
    "definition" : "The client is currently pregnant"
  },
  {
    "code" : "DE82",
    "display" : "Breastfeeding",
    "definition" : "The client is currently breastfeeding"
  },
  {
    "code" : "DE10",
    "display" : "HIV status",
    "definition" : "The current human immunodeficiency virus (HIV) status of the client"
  },
  {
    "code" : "DE11",
    "display" : "HIV-positive",
    "definition" : "The client is known to be HIV positive"
  },
  {
    "code" : "DE12",
    "display" : "HIV-negative",
    "definition" : "The client is known to be HIV negative"
  },
  {
    "code" : "DE13",
    "display" : "Unknown",
    "definition" : "The client's HIV status is unknown"
  },
  {
    "code" : "DE15",
    "display" : "Preterm birth",
    "definition" : "The infant was preterm"
  },
  {
    "code" : "DE16",
    "display" : "Immunocompromised",
    "definition" : "The client is known to be immunocompromised or immunosuppressed. This means the client has a weakened immune system and having a reduced ability to fight infections and other diseases"
  },
  {
    "code" : "DE17",
    "display" : "Currently on ART",
    "definition" : "The client is currently receiving antiretroviral therapy (ART)"
  },
  {
    "code" : "DE84",
    "display" : "Type of TB infection test performed",
    "definition" : "The type of TB infection test performed"
  },
  {
    "code" : "DE85",
    "display" : "IGRA",
    "definition" : "Interferon-gamma release assay (IGRA)"
  },
  {
    "code" : "DE86",
    "display" : "TST",
    "definition" : "Tuberculin skin test (TST) "
  },
  {
    "code" : "DE87",
    "display" : "TB infection test result",
    "definition" : "Records the result of the TB infection test"
  },
  {
    "code" : "DE88",
    "display" : "Positive",
    "definition" : "Test result was positive"
  },
  {
    "code" : "DE89",
    "display" : "Negative",
    "definition" : "Test result was negative"
  },
  {
    "code" : "DE90",
    "display" : "HIV-exposed infant",
    "definition" : "The infant is  known to be exposed to HIV (i.e. born to an HIV-infected woman)"
  },
  {
    "code" : "DE29",
    "display" : "Birth weight in grams",
    "definition" : "Represents the client's birth weight value measures in grams"
  },
  {
    "code" : "DE35",
    "display" : "Type of polio dose",
    "definition" : "The type of the polio vaccine dose administered to the client"
  },
  {
    "code" : "DE36",
    "display" : "IPV",
    "definition" : "Inactivated poliovirus vaccine (IPV)"
  },
  {
    "code" : "DE37",
    "display" : "bOPV",
    "definition" : "Bivalent oral poliovirus vaccine (bOPV)"
  },
  {
    "code" : "DE38",
    "display" : "Age in years when client received first DTP dose",
    "definition" : "The client's age in years when they received their first diphtheria-tetanus-pertussis (DTP) dose"
  },
  {
    "code" : "DE39",
    "display" : "Age in months when client received first Hib dose",
    "definition" : "The client's age in months when they received their first Haemophilus influenzae type b (Hib) dose"
  },
  {
    "code" : "DE40",
    "display" : "Sickle-cell disease",
    "definition" : "The client is known to have a sickle-cell disease"
  },
  {
    "code" : "DE41",
    "display" : "Age in months when client received third pneumococcal dose",
    "definition" : "The client's age in months when they received their third pneumococcal dose"
  },
  {
    "code" : "DE42",
    "display" : "No history of intussusception",
    "definition" : "The client is known to have no history of intussusception"
  },
  {
    "code" : "DE43",
    "display" : "Previous rotavirus doses given were the same product",
    "definition" : "Indicates whether or not all of the client's previous rotavirus doses were the same product"
  },
  {
    "code" : "DE46",
    "display" : "Immune reconstitution was achieved",
    "definition" : "The client is known to have achieved immune reconstitution"
  },
  {
    "code" : "DE92",
    "display" : "Severely immunosuppressed",
    "definition" : "The client is known to be severely immunocompromised or immunosuppressed"
  },
  {
    "code" : "DE49",
    "display" : "ART start date",
    "definition" : "The date on which the client started or restarted antiretroviral therapy (ART)"
  },
  {
    "code" : "DE52",
    "display" : "Type of last JE dose",
    "definition" : "The type of the last Japanese encephalitis (JE) vaccine dose administered to the client"
  },
  {
    "code" : "DE53",
    "display" : "Inactivated Vero cell-derived vaccine",
    "definition" : "Inactivated Vero cell-derived Japanese encephalitis (JE) vaccine type"
  },
  {
    "code" : "DE54",
    "display" : "Live attenuated vaccine",
    "definition" : "Live attenuated Japanese encephalitis (JE) vaccine type"
  },
  {
    "code" : "DE55",
    "display" : "Live recombinant vaccine",
    "definition" : "Live recombinant Japanese encephalitis (JE) vaccine type"
  },
  {
    "code" : "DE56",
    "display" : "Type of last TBE dose",
    "definition" : "The type of the last tick-borne encephalitis (TBE) vaccine dose administered"
  },
  {
    "code" : "DE57",
    "display" : "FSME-Immun",
    "definition" : "FSME-Immun vaccine product, which is an inactivated whole-virus vaccine for tick-borne encephalitis (TBE)"
  },
  {
    "code" : "DE58",
    "display" : "Encepur",
    "definition" : "Encepur vaccine product, which is an inactivated viral vaccine for tick-borne encephalitis (TBE)"
  },
  {
    "code" : "DE59",
    "display" : "TBE-Moscow",
    "definition" : "TBE-Moscow vaccine product, which is a vaccine for tick-borne encephalitis (TBE)"
  },
  {
    "code" : "DE60",
    "display" : "EnceVir",
    "definition" : "EnceVir vaccine product, which is a vaccine for tick-borne encephalitis (TBE)"
  },
  {
    "code" : "DE61",
    "display" : "Type of last typhoid dose",
    "definition" : "The type of the last typhoid vaccine dose administered to the client"
  },
  {
    "code" : "DE62",
    "display" : "Typbar-TCV",
    "definition" : "Typbar-TCV vaccine"
  },
  {
    "code" : "DE63",
    "display" : "ViPS",
    "definition" : "Vi polysaccharide (ViPS) vaccine"
  },
  {
    "code" : "DE64",
    "display" : "Ty21a",
    "definition" : "Ty21a vaccine"
  },
  {
    "code" : "DE65",
    "display" : "Type of last cholera dose",
    "definition" : "The type of the last cholera vaccine dose administered to the client"
  },
  {
    "code" : "DE66",
    "display" : "WC vaccine",
    "definition" : "Killed whole cell (WC) only cholera vaccine"
  },
  {
    "code" : "DE67",
    "display" : "WC-rBS vaccine",
    "definition" : "Vaccine contains a mixture of the recombinant B subunit (rBS) of cholera toxin plus killed whole cell (WC)"
  },
  {
    "code" : "DE68",
    "display" : "Type of last meningococcal dose",
    "definition" : "The type of the last meningococcal vaccine dose administered to the client"
  },
  {
    "code" : "DE69",
    "display" : "MenA conjugate vaccine (5µg)",
    "definition" : "Monovalent serogroup A (MenA) conjugate vaccine (5µg) vaccine"
  },
  {
    "code" : "DE70",
    "display" : "Monovalent MenC conjugate",
    "definition" : "Monovalent MenC conjugate vaccine"
  },
  {
    "code" : "DE71",
    "display" : "Quadrivalent conjugate",
    "definition" : "Quadrivalent conjugate (A,C,W135,Y-D and A,C,W135,Y-CRM) vaccines"
  },
  {
    "code" : "DE72",
    "display" : "Age in months when client received first meningococcal dose",
    "definition" : "The age in months when client received their first meningococcal dose"
  },
  {
    "code" : "DE73",
    "display" : "Type of last hepatitis A dose",
    "definition" : "The type of the last hepatitis A vaccine dose administered to the client"
  },
  {
    "code" : "DE74",
    "display" : "Live attenuated hepatitis A vaccine",
    "definition" : "Live attenuated hepatitis A vaccine"
  },
  {
    "code" : "DE75",
    "display" : "Inactivated hepatitis A vaccine",
    "definition" : "Inactivated hepatitis A vaccine"
  },
  {
    "code" : "DE76",
    "display" : "VNA level",
    "definition" : "Vaccine-induced neutralizing (VNA) antibody level. It is a measured as a serum antibody concentration amount observed from the result of the concentrated, purified cell culture and embryonated egg-based rabies vaccines (CCEEV)"
  },
  {
    "code" : "DE77",
    "display" : "Seronegative for dengue",
    "definition" : "The client is known to be seronegative for dengue"
  }]
}