{
  "resourceType" : "ConceptMap",
  "id" : "IMMZ-D1.ConceptMap",
  "text" : {
    "status" : "extensions",
    "div" : "<div xmlns=\"http://www.w3.org/1999/xhtml\">Placeholder</div>"
  },
  "url" : "http://worldhealthorganization.github.io/smart-immunizations-mini/ConceptMap/IMMZ-D1.ConceptMap",
  "version" : "0.1.0",
  "name" : "IMMZ_D1_ConceptMap",
  "title" : "ConceptMap to and from IMMZ-D1 DataElements",
  "status" : "active",
  "experimental" : false,
  "date" : "2023-08-09",
  "publisher" : "WHO",
  "contact" : [{
    "name" : "WHO",
    "telecom" : [{
      "system" : "url",
      "value" : "http://who.int"
    }]
  }],
  "description" : "Mapping to and from IMMZ-D1 Data Dictionary to other codesystems.",
  "group" : [{
    "source" : "http://worldhealthorganization.github.io/smart-immunizations-mini/CodeSystem/IMMZ-D1",
    "target" : "http://hl7.org/fhir/sid/icd-11",
    "element" : [{
      "code" : "DE88",
      "target" : [{
        "code" : "1B1Z",
        "equivalence" : "relatedto"
      }]
    },
    {
      "code" : "DE11",
      "target" : [{
        "code" : "1C62.Z",
        "equivalence" : "equivalent"
      }]
    },
    {
      "code" : "DE13",
      "target" : [{
        "code" : "1H0Z",
        "equivalence" : "equivalent"
      }]
    },
    {
      "code" : "DE40",
      "target" : [{
        "code" : "3A51",
        "equivalence" : "equivalent"
      }]
    },
    {
      "code" : "DE16",
      "target" : [{
        "code" : "4B4Z",
        "equivalence" : "wider"
      }]
    },
    {
      "code" : "DE15",
      "target" : [{
        "code" : "KA21.4",
        "equivalence" : "equivalent"
      }]
    },
    {
      "code" : "DE89",
      "target" : [{
        "code" : "QA02.0",
        "equivalence" : "relatedto"
      }]
    },
    {
      "code" : "DE12",
      "target" : [{
        "code" : "QA02.Y",
        "equivalence" : "relatedto"
      }]
    },
    {
      "code" : "DE82",
      "target" : [{
        "code" : "QA48.1",
        "equivalence" : "wider"
      }]
    },
    {
      "code" : "DE90",
      "target" : [{
        "code" : "QC60",
        "equivalence" : "wider"
      }]
    },
    {
      "code" : "DE70",
      "target" : [{
        "code" : "XM18Y8",
        "equivalence" : "equivalent"
      }]
    },
    {
      "code" : "DE69",
      "target" : [{
        "code" : "XM2280",
        "equivalence" : "equivalent"
      }]
    },
    {
      "code" : "DE64",
      "target" : [{
        "code" : "XM33K4",
        "equivalence" : "wider"
      }]
    },
    {
      "code" : "DE85",
      "target" : [{
        "code" : "XM3KQ4",
        "equivalence" : "wider"
      }]
    },
    {
      "code" : "DE63",
      "target" : [{
        "code" : "XM3SF6",
        "equivalence" : "wider"
      }]
    },
    {
      "code" : "DE54",
      "target" : [{
        "code" : "XM47S0",
        "equivalence" : "equivalent"
      }]
    },
    {
      "code" : "DE36",
      "target" : [{
        "code" : "XM5V19",
        "equivalence" : "equivalent"
      }]
    },
    {
      "code" : "DE37",
      "target" : [{
        "code" : "XM79H3",
        "equivalence" : "equivalent"
      }]
    },
    {
      "code" : "DE86",
      "target" : [{
        "code" : "XM7PF6",
        "equivalence" : "wider"
      }]
    },
    {
      "code" : "DE9",
      "target" : [{
        "code" : "XT0S",
        "equivalence" : "equivalent"
      }]
    }]
  },
  {
    "source" : "http://hl7.org/fhir/sid/icd-11",
    "target" : "http://worldhealthorganization.github.io/smart-immunizations-mini/CodeSystem/IMMZ-D1",
    "element" : [{
      "code" : "1B1Z",
      "target" : [{
        "code" : "DE88",
        "equivalence" : "relatedto"
      }]
    },
    {
      "code" : "1C62.Z",
      "target" : [{
        "code" : "DE11",
        "equivalence" : "equivalent"
      }]
    },
    {
      "code" : "1H0Z",
      "target" : [{
        "code" : "DE13",
        "equivalence" : "equivalent"
      }]
    },
    {
      "code" : "3A51",
      "target" : [{
        "code" : "DE40",
        "equivalence" : "equivalent"
      }]
    },
    {
      "code" : "4B4Z",
      "target" : [{
        "code" : "DE16",
        "equivalence" : "narrower"
      }]
    },
    {
      "code" : "KA21.4",
      "target" : [{
        "code" : "DE15",
        "equivalence" : "equivalent"
      }]
    },
    {
      "code" : "QA02.0",
      "target" : [{
        "code" : "DE89",
        "equivalence" : "relatedto"
      }]
    },
    {
      "code" : "QA02.Y",
      "target" : [{
        "code" : "DE12",
        "equivalence" : "relatedto"
      }]
    },
    {
      "code" : "QA48.1",
      "target" : [{
        "code" : "DE82",
        "equivalence" : "narrower"
      }]
    },
    {
      "code" : "QC60",
      "target" : [{
        "code" : "DE90",
        "equivalence" : "narrower"
      }]
    },
    {
      "code" : "XM18Y8",
      "target" : [{
        "code" : "DE70",
        "equivalence" : "equivalent"
      }]
    },
    {
      "code" : "XM2280",
      "target" : [{
        "code" : "DE69",
        "equivalence" : "equivalent"
      }]
    },
    {
      "code" : "XM33K4",
      "target" : [{
        "code" : "DE64",
        "equivalence" : "narrower"
      }]
    },
    {
      "code" : "XM3KQ4",
      "target" : [{
        "code" : "DE85",
        "equivalence" : "narrower"
      }]
    },
    {
      "code" : "XM3SF6",
      "target" : [{
        "code" : "DE63",
        "equivalence" : "narrower"
      }]
    },
    {
      "code" : "XM47S0",
      "target" : [{
        "code" : "DE54",
        "equivalence" : "equivalent"
      }]
    },
    {
      "code" : "XM5V19",
      "target" : [{
        "code" : "DE36",
        "equivalence" : "equivalent"
      }]
    },
    {
      "code" : "XM79H3",
      "target" : [{
        "code" : "DE37",
        "equivalence" : "equivalent"
      }]
    },
    {
      "code" : "XM7PF6",
      "target" : [{
        "code" : "DE86",
        "equivalence" : "narrower"
      }]
    },
    {
      "code" : "XT0S",
      "target" : [{
        "code" : "DE9",
        "equivalence" : "equivalent"
      }]
    }]
  },
  {
    "source" : "http://worldhealthorganization.github.io/smart-immunizations-mini/CodeSystem/IMMZ-D1",
    "target" : "http://loinc.org",
    "element" : [{
      "code" : "DE90",
      "target" : [{
        "code" : "10157-6",
        "equivalence" : "relatedto"
      }]
    },
    {
      "code" : "DE85",
      "target" : [{
        "code" : "27415-9",
        "equivalence" : "wider"
      }]
    },
    {
      "code" : "DE86",
      "target" : [{
        "code" : "39263-9",
        "equivalence" : "equivalent"
      }]
    },
    {
      "code" : "DE88",
      "target" : [{
        "code" : "45241-7",
        "equivalence" : "relatedto"
      }]
    },
    {
      "code" : "DE11",
      "target" : [{
        "code" : "45683-0",
        "equivalence" : "equivalent"
      }]
    },
    {
      "code" : "DE10",
      "target" : [{
        "code" : "55277-8",
        "equivalence" : "equivalent"
      }]
    },
    {
      "code" : "DE82",
      "target" : [{
        "code" : "63895-7",
        "equivalence" : "wider"
      }]
    },
    {
      "code" : "DE15",
      "target" : [{
        "code" : "76517-2",
        "equivalence" : "equivalent"
      }]
    },
    {
      "code" : "DE9",
      "target" : [{
        "code" : "82810-3",
        "equivalence" : "equivalent"
      }]
    },
    {
      "code" : "DE29",
      "target" : [{
        "code" : "8339-4",
        "equivalence" : "equivalent"
      }]
    },
    {
      "code" : "DE16",
      "target" : [{
        "code" : "96381-9",
        "equivalence" : "relatedto"
      }]
    },
    {
      "code" : "DE92",
      "target" : [{
        "code" : "96381-9",
        "equivalence" : "relatedto"
      }]
    }]
  },
  {
    "source" : "http://loinc.org",
    "target" : "http://worldhealthorganization.github.io/smart-immunizations-mini/CodeSystem/IMMZ-D1",
    "element" : [{
      "code" : "10157-6",
      "target" : [{
        "code" : "DE90",
        "equivalence" : "relatedto"
      }]
    },
    {
      "code" : "27415-9",
      "target" : [{
        "code" : "DE85",
        "equivalence" : "narrower"
      }]
    },
    {
      "code" : "39263-9",
      "target" : [{
        "code" : "DE86",
        "equivalence" : "equivalent"
      }]
    },
    {
      "code" : "45241-7",
      "target" : [{
        "code" : "DE88",
        "equivalence" : "relatedto"
      }]
    },
    {
      "code" : "45683-0",
      "target" : [{
        "code" : "DE11",
        "equivalence" : "equivalent"
      }]
    },
    {
      "code" : "55277-8",
      "target" : [{
        "code" : "DE10",
        "equivalence" : "equivalent"
      }]
    },
    {
      "code" : "63895-7",
      "target" : [{
        "code" : "DE82",
        "equivalence" : "narrower"
      }]
    },
    {
      "code" : "76517-2",
      "target" : [{
        "code" : "DE15",
        "equivalence" : "equivalent"
      }]
    },
    {
      "code" : "82810-3",
      "target" : [{
        "code" : "DE9",
        "equivalence" : "equivalent"
      }]
    },
    {
      "code" : "8339-4",
      "target" : [{
        "code" : "DE29",
        "equivalence" : "equivalent"
      }]
    },
    {
      "code" : "96381-9",
      "target" : [{
        "code" : "DE16",
        "equivalence" : "relatedto"
      }]
    },
    {
      "code" : "96381-9",
      "target" : [{
        "code" : "DE92",
        "equivalence" : "relatedto"
      }]
    }]
  },
  {
    "source" : "http://worldhealthorganization.github.io/smart-immunizations-mini/CodeSystem/IMMZ-D1",
    "target" : "http://snomed.info/sct",
    "element" : [{
      "code" : "DE88",
      "target" : [{
        "code" : "10828004",
        "equivalence" : "wider"
      }]
    },
    {
      "code" : "DE86",
      "target" : [{
        "code" : "28163009",
        "equivalence" : "equivalent"
      }]
    },
    {
      "code" : "DE85",
      "target" : [{
        "code" : "68311008",
        "equivalence" : "equivalent"
      }]
    },
    {
      "code" : "DE82",
      "target" : [{
        "code" : "69840006",
        "equivalence" : "equivalent"
      }]
    },
    {
      "code" : "DE9",
      "target" : [{
        "code" : "77386006",
        "equivalence" : "equivalent"
      }]
    },
    {
      "code" : "DE12",
      "target" : [{
        "code" : "165815009",
        "equivalence" : "equivalent"
      }]
    },
    {
      "code" : "DE11",
      "target" : [{
        "code" : "165816005",
        "equivalence" : "equivalent"
      }]
    },
    {
      "code" : "DE89",
      "target" : [{
        "code" : "260385009",
        "equivalence" : "wider"
      }]
    },
    {
      "code" : "DE13",
      "target" : [{
        "code" : "261665006",
        "equivalence" : "wider"
      }]
    },
    {
      "code" : "DE10",
      "target" : [{
        "code" : "278977008",
        "equivalence" : "equivalent"
      }]
    },
    {
      "code" : "DE16",
      "target" : [{
        "code" : "370388006",
        "equivalence" : "equivalent"
      }]
    },
    {
      "code" : "DE15",
      "target" : [{
        "code" : "395507008",
        "equivalence" : "equivalent"
      }]
    },
    {
      "code" : "DE40",
      "target" : [{
        "code" : "417357006",
        "equivalence" : "equivalent"
      }]
    },
    {
      "code" : "DE90",
      "target" : [{
        "code" : "438998000",
        "equivalence" : "wider"
      }]
    },
    {
      "code" : "DE36",
      "target" : [{
        "code" : "871740006",
        "equivalence" : "equivalent"
      }]
    }]
  },
  {
    "source" : "http://snomed.info/sct",
    "target" : "http://worldhealthorganization.github.io/smart-immunizations-mini/CodeSystem/IMMZ-D1",
    "element" : [{
      "code" : "10828004",
      "target" : [{
        "code" : "DE88",
        "equivalence" : "narrower"
      }]
    },
    {
      "code" : "28163009",
      "target" : [{
        "code" : "DE86",
        "equivalence" : "equivalent"
      }]
    },
    {
      "code" : "68311008",
      "target" : [{
        "code" : "DE85",
        "equivalence" : "equivalent"
      }]
    },
    {
      "code" : "69840006",
      "target" : [{
        "code" : "DE82",
        "equivalence" : "equivalent"
      }]
    },
    {
      "code" : "77386006",
      "target" : [{
        "code" : "DE9",
        "equivalence" : "equivalent"
      }]
    },
    {
      "code" : "165815009",
      "target" : [{
        "code" : "DE12",
        "equivalence" : "equivalent"
      }]
    },
    {
      "code" : "165816005",
      "target" : [{
        "code" : "DE11",
        "equivalence" : "equivalent"
      }]
    },
    {
      "code" : "260385009",
      "target" : [{
        "code" : "DE89",
        "equivalence" : "narrower"
      }]
    },
    {
      "code" : "261665006",
      "target" : [{
        "code" : "DE13",
        "equivalence" : "narrower"
      }]
    },
    {
      "code" : "278977008",
      "target" : [{
        "code" : "DE10",
        "equivalence" : "equivalent"
      }]
    },
    {
      "code" : "370388006",
      "target" : [{
        "code" : "DE16",
        "equivalence" : "equivalent"
      }]
    },
    {
      "code" : "395507008",
      "target" : [{
        "code" : "DE15",
        "equivalence" : "equivalent"
      }]
    },
    {
      "code" : "417357006",
      "target" : [{
        "code" : "DE40",
        "equivalence" : "equivalent"
      }]
    },
    {
      "code" : "438998000",
      "target" : [{
        "code" : "DE90",
        "equivalence" : "narrower"
      }]
    },
    {
      "code" : "871740006",
      "target" : [{
        "code" : "DE36",
        "equivalence" : "equivalent"
      }]
    }]
  }]
}