{
  "resourceType" : "ImplementationGuide",
  "id" : "smart-immunizations-mini",
  "meta" : {
    "profile" : ["http://worldhealthorganization.github.io/smart-base/StructureDefinition/SGImplementationGuide"]
  },
  "text" : {
    "status" : "extensions",
    "div" : "<div xmlns=\"http://www.w3.org/1999/xhtml\">Placeholder</div>"
  },
  "url" : "http://worldhealthorganization.github.io/smart-immunizations-mini/ImplementationGuide/smart-immunizations-mini",
  "version" : "0.1.0",
  "name" : "SMART",
  "status" : "draft",
  "date" : "2023-09-20T16:48:16+00:00",
  "publisher" : "WHO",
  "contact" : [{
    "name" : "WHO",
    "telecom" : [{
      "system" : "url",
      "value" : "http://who.int"
    }]
  }],
  "packageId" : "smart-immunizations-mini",
  "license" : "CC0-1.0",
  "fhirVersion" : ["4.0.1"],
  "dependsOn" : [{
    "id" : "hl7tx",
    "extension" : [{
      "url" : "http://hl7.org/fhir/tools/StructureDefinition/implementationguide-dependency-comment",
      "valueMarkdown" : "Automatically added as a dependency - all IGs depend on HL7 Terminology"
    }],
    "uri" : "http://terminology.hl7.org/ImplementationGuide/hl7.terminology",
    "packageId" : "hl7.terminology.r4",
    "version" : "5.3.0"
  },
  {
    "id" : "hl7ext",
    "extension" : [{
      "url" : "http://hl7.org/fhir/tools/StructureDefinition/implementationguide-dependency-comment",
      "valueMarkdown" : "Automatically added as a dependency - all IGs depend on the HL7 Extension Pack"
    }],
    "uri" : "http://hl7.org/fhir/extensions/ImplementationGuide/hl7.fhir.uv.extensions",
    "packageId" : "hl7.fhir.uv.extensions.r4",
    "version" : "1.0.0"
  },
  {
    "id" : "who_fhir_smart_base",
    "uri" : "http://worldhealthorganization.github.io/smart-base/ImplementationGuide/who.fhir.smart-base",
    "packageId" : "who.fhir.smart-base",
    "version" : "current"
  },
  {
    "id" : "hl7_fhir_uv_sdc",
    "uri" : "http://hl7.org/fhir/uv/sdc/ImplementationGuide/hl7.fhir.uv.sdc",
    "packageId" : "hl7.fhir.uv.sdc",
    "version" : "3.0.0"
  }],
  "definition" : {
    "extension" : [{
      "extension" : [{
        "url" : "code",
        "valueString" : "copyrightyear"
      },
      {
        "url" : "value",
        "valueString" : "2023+"
      }],
      "url" : "http://hl7.org/fhir/tools/StructureDefinition/ig-parameter"
    },
    {
      "extension" : [{
        "url" : "code",
        "valueString" : "releaselabel"
      },
      {
        "url" : "value",
        "valueString" : "ci-build"
      }],
      "url" : "http://hl7.org/fhir/tools/StructureDefinition/ig-parameter"
    },
    {
      "extension" : [{
        "url" : "code",
        "valueString" : "autoload-resources"
      },
      {
        "url" : "value",
        "valueString" : "true"
      }],
      "url" : "http://hl7.org/fhir/tools/StructureDefinition/ig-parameter"
    },
    {
      "extension" : [{
        "url" : "code",
        "valueString" : "path-liquid"
      },
      {
        "url" : "value",
        "valueString" : "template/liquid"
      }],
      "url" : "http://hl7.org/fhir/tools/StructureDefinition/ig-parameter"
    },
    {
      "extension" : [{
        "url" : "code",
        "valueString" : "path-liquid"
      },
      {
        "url" : "value",
        "valueString" : "input/liquid"
      }],
      "url" : "http://hl7.org/fhir/tools/StructureDefinition/ig-parameter"
    },
    {
      "extension" : [{
        "url" : "code",
        "valueString" : "path-qa"
      },
      {
        "url" : "value",
        "valueString" : "temp/qa"
      }],
      "url" : "http://hl7.org/fhir/tools/StructureDefinition/ig-parameter"
    },
    {
      "extension" : [{
        "url" : "code",
        "valueString" : "path-temp"
      },
      {
        "url" : "value",
        "valueString" : "temp/pages"
      }],
      "url" : "http://hl7.org/fhir/tools/StructureDefinition/ig-parameter"
    },
    {
      "extension" : [{
        "url" : "code",
        "valueString" : "path-output"
      },
      {
        "url" : "value",
        "valueString" : "output"
      }],
      "url" : "http://hl7.org/fhir/tools/StructureDefinition/ig-parameter"
    },
    {
      "extension" : [{
        "url" : "code",
        "valueString" : "path-suppressed-warnings"
      },
      {
        "url" : "value",
        "valueString" : "input/ignoreWarnings.txt"
      }],
      "url" : "http://hl7.org/fhir/tools/StructureDefinition/ig-parameter"
    },
    {
      "extension" : [{
        "url" : "code",
        "valueString" : "path-history"
      },
      {
        "url" : "value",
        "valueString" : "http://worldhealthorganization.github.io/smart-immunizations-mini/history.html"
      }],
      "url" : "http://hl7.org/fhir/tools/StructureDefinition/ig-parameter"
    },
    {
      "extension" : [{
        "url" : "code",
        "valueString" : "template-html"
      },
      {
        "url" : "value",
        "valueString" : "template-page.html"
      }],
      "url" : "http://hl7.org/fhir/tools/StructureDefinition/ig-parameter"
    },
    {
      "extension" : [{
        "url" : "code",
        "valueString" : "template-md"
      },
      {
        "url" : "value",
        "valueString" : "template-page-md.html"
      }],
      "url" : "http://hl7.org/fhir/tools/StructureDefinition/ig-parameter"
    },
    {
      "extension" : [{
        "url" : "code",
        "valueString" : "apply-contact"
      },
      {
        "url" : "value",
        "valueString" : "true"
      }],
      "url" : "http://hl7.org/fhir/tools/StructureDefinition/ig-parameter"
    },
    {
      "extension" : [{
        "url" : "code",
        "valueString" : "apply-context"
      },
      {
        "url" : "value",
        "valueString" : "true"
      }],
      "url" : "http://hl7.org/fhir/tools/StructureDefinition/ig-parameter"
    },
    {
      "extension" : [{
        "url" : "code",
        "valueString" : "apply-copyright"
      },
      {
        "url" : "value",
        "valueString" : "true"
      }],
      "url" : "http://hl7.org/fhir/tools/StructureDefinition/ig-parameter"
    },
    {
      "extension" : [{
        "url" : "code",
        "valueString" : "apply-jurisdiction"
      },
      {
        "url" : "value",
        "valueString" : "true"
      }],
      "url" : "http://hl7.org/fhir/tools/StructureDefinition/ig-parameter"
    },
    {
      "extension" : [{
        "url" : "code",
        "valueString" : "apply-license"
      },
      {
        "url" : "value",
        "valueString" : "true"
      }],
      "url" : "http://hl7.org/fhir/tools/StructureDefinition/ig-parameter"
    },
    {
      "extension" : [{
        "url" : "code",
        "valueString" : "apply-publisher"
      },
      {
        "url" : "value",
        "valueString" : "true"
      }],
      "url" : "http://hl7.org/fhir/tools/StructureDefinition/ig-parameter"
    },
    {
      "extension" : [{
        "url" : "code",
        "valueString" : "apply-version"
      },
      {
        "url" : "value",
        "valueString" : "true"
      }],
      "url" : "http://hl7.org/fhir/tools/StructureDefinition/ig-parameter"
    },
    {
      "extension" : [{
        "url" : "code",
        "valueString" : "apply-wg"
      },
      {
        "url" : "value",
        "valueString" : "true"
      }],
      "url" : "http://hl7.org/fhir/tools/StructureDefinition/ig-parameter"
    },
    {
      "extension" : [{
        "url" : "code",
        "valueString" : "active-tables"
      },
      {
        "url" : "value",
        "valueString" : "true"
      }],
      "url" : "http://hl7.org/fhir/tools/StructureDefinition/ig-parameter"
    },
    {
      "extension" : [{
        "url" : "code",
        "valueString" : "fmm-definition"
      },
      {
        "url" : "value",
        "valueString" : "http://hl7.org/fhir/versions.html#maturity"
      }],
      "url" : "http://hl7.org/fhir/tools/StructureDefinition/ig-parameter"
    },
    {
      "extension" : [{
        "url" : "code",
        "valueString" : "propagate-status"
      },
      {
        "url" : "value",
        "valueString" : "true"
      }],
      "url" : "http://hl7.org/fhir/tools/StructureDefinition/ig-parameter"
    },
    {
      "extension" : [{
        "url" : "code",
        "valueString" : "excludelogbinaryformat"
      },
      {
        "url" : "value",
        "valueString" : "true"
      }],
      "url" : "http://hl7.org/fhir/tools/StructureDefinition/ig-parameter"
    },
    {
      "extension" : [{
        "url" : "code",
        "valueString" : "tabbed-snapshots"
      },
      {
        "url" : "value",
        "valueString" : "true"
      }],
      "url" : "http://hl7.org/fhir/tools/StructureDefinition/ig-parameter"
    },
    {
      "url" : "http://hl7.org/fhir/tools/StructureDefinition/ig-internal-dependency",
      "valueCode" : "hl7.fhir.uv.tools#current"
    },
    {
      "extension" : [{
        "url" : "code",
        "valueCode" : "copyrightyear"
      },
      {
        "url" : "value",
        "valueString" : "2023+"
      }],
      "url" : "http://hl7.org/fhir/tools/StructureDefinition/ig-parameter"
    },
    {
      "extension" : [{
        "url" : "code",
        "valueCode" : "releaselabel"
      },
      {
        "url" : "value",
        "valueString" : "ci-build"
      }],
      "url" : "http://hl7.org/fhir/tools/StructureDefinition/ig-parameter"
    },
    {
      "extension" : [{
        "url" : "code",
        "valueCode" : "autoload-resources"
      },
      {
        "url" : "value",
        "valueString" : "true"
      }],
      "url" : "http://hl7.org/fhir/tools/StructureDefinition/ig-parameter"
    },
    {
      "extension" : [{
        "url" : "code",
        "valueCode" : "path-liquid"
      },
      {
        "url" : "value",
        "valueString" : "template/liquid"
      }],
      "url" : "http://hl7.org/fhir/tools/StructureDefinition/ig-parameter"
    },
    {
      "extension" : [{
        "url" : "code",
        "valueCode" : "path-liquid"
      },
      {
        "url" : "value",
        "valueString" : "input/liquid"
      }],
      "url" : "http://hl7.org/fhir/tools/StructureDefinition/ig-parameter"
    },
    {
      "extension" : [{
        "url" : "code",
        "valueCode" : "path-qa"
      },
      {
        "url" : "value",
        "valueString" : "temp/qa"
      }],
      "url" : "http://hl7.org/fhir/tools/StructureDefinition/ig-parameter"
    },
    {
      "extension" : [{
        "url" : "code",
        "valueCode" : "path-temp"
      },
      {
        "url" : "value",
        "valueString" : "temp/pages"
      }],
      "url" : "http://hl7.org/fhir/tools/StructureDefinition/ig-parameter"
    },
    {
      "extension" : [{
        "url" : "code",
        "valueCode" : "path-output"
      },
      {
        "url" : "value",
        "valueString" : "output"
      }],
      "url" : "http://hl7.org/fhir/tools/StructureDefinition/ig-parameter"
    },
    {
      "extension" : [{
        "url" : "code",
        "valueCode" : "path-suppressed-warnings"
      },
      {
        "url" : "value",
        "valueString" : "input/ignoreWarnings.txt"
      }],
      "url" : "http://hl7.org/fhir/tools/StructureDefinition/ig-parameter"
    },
    {
      "extension" : [{
        "url" : "code",
        "valueCode" : "path-history"
      },
      {
        "url" : "value",
        "valueString" : "http://worldhealthorganization.github.io/smart-immunizations-mini/history.html"
      }],
      "url" : "http://hl7.org/fhir/tools/StructureDefinition/ig-parameter"
    },
    {
      "extension" : [{
        "url" : "code",
        "valueCode" : "template-html"
      },
      {
        "url" : "value",
        "valueString" : "template-page.html"
      }],
      "url" : "http://hl7.org/fhir/tools/StructureDefinition/ig-parameter"
    },
    {
      "extension" : [{
        "url" : "code",
        "valueCode" : "template-md"
      },
      {
        "url" : "value",
        "valueString" : "template-page-md.html"
      }],
      "url" : "http://hl7.org/fhir/tools/StructureDefinition/ig-parameter"
    },
    {
      "extension" : [{
        "url" : "code",
        "valueCode" : "apply-contact"
      },
      {
        "url" : "value",
        "valueString" : "true"
      }],
      "url" : "http://hl7.org/fhir/tools/StructureDefinition/ig-parameter"
    },
    {
      "extension" : [{
        "url" : "code",
        "valueCode" : "apply-context"
      },
      {
        "url" : "value",
        "valueString" : "true"
      }],
      "url" : "http://hl7.org/fhir/tools/StructureDefinition/ig-parameter"
    },
    {
      "extension" : [{
        "url" : "code",
        "valueCode" : "apply-copyright"
      },
      {
        "url" : "value",
        "valueString" : "true"
      }],
      "url" : "http://hl7.org/fhir/tools/StructureDefinition/ig-parameter"
    },
    {
      "extension" : [{
        "url" : "code",
        "valueCode" : "apply-jurisdiction"
      },
      {
        "url" : "value",
        "valueString" : "true"
      }],
      "url" : "http://hl7.org/fhir/tools/StructureDefinition/ig-parameter"
    },
    {
      "extension" : [{
        "url" : "code",
        "valueCode" : "apply-license"
      },
      {
        "url" : "value",
        "valueString" : "true"
      }],
      "url" : "http://hl7.org/fhir/tools/StructureDefinition/ig-parameter"
    },
    {
      "extension" : [{
        "url" : "code",
        "valueCode" : "apply-publisher"
      },
      {
        "url" : "value",
        "valueString" : "true"
      }],
      "url" : "http://hl7.org/fhir/tools/StructureDefinition/ig-parameter"
    },
    {
      "extension" : [{
        "url" : "code",
        "valueCode" : "apply-version"
      },
      {
        "url" : "value",
        "valueString" : "true"
      }],
      "url" : "http://hl7.org/fhir/tools/StructureDefinition/ig-parameter"
    },
    {
      "extension" : [{
        "url" : "code",
        "valueCode" : "apply-wg"
      },
      {
        "url" : "value",
        "valueString" : "true"
      }],
      "url" : "http://hl7.org/fhir/tools/StructureDefinition/ig-parameter"
    },
    {
      "extension" : [{
        "url" : "code",
        "valueCode" : "active-tables"
      },
      {
        "url" : "value",
        "valueString" : "true"
      }],
      "url" : "http://hl7.org/fhir/tools/StructureDefinition/ig-parameter"
    },
    {
      "extension" : [{
        "url" : "code",
        "valueCode" : "fmm-definition"
      },
      {
        "url" : "value",
        "valueString" : "http://hl7.org/fhir/versions.html#maturity"
      }],
      "url" : "http://hl7.org/fhir/tools/StructureDefinition/ig-parameter"
    },
    {
      "extension" : [{
        "url" : "code",
        "valueCode" : "propagate-status"
      },
      {
        "url" : "value",
        "valueString" : "true"
      }],
      "url" : "http://hl7.org/fhir/tools/StructureDefinition/ig-parameter"
    },
    {
      "extension" : [{
        "url" : "code",
        "valueCode" : "excludelogbinaryformat"
      },
      {
        "url" : "value",
        "valueString" : "true"
      }],
      "url" : "http://hl7.org/fhir/tools/StructureDefinition/ig-parameter"
    },
    {
      "extension" : [{
        "url" : "code",
        "valueCode" : "tabbed-snapshots"
      },
      {
        "url" : "value",
        "valueString" : "true"
      }],
      "url" : "http://hl7.org/fhir/tools/StructureDefinition/ig-parameter"
    }],
    "resource" : [{
      "extension" : [{
        "url" : "http://hl7.org/fhir/tools/StructureDefinition/resource-information",
        "valueString" : "Questionnaire"
      }],
      "reference" : {
        "reference" : "Questionnaire/Questionnaire-IMMZCRegisterClient"
      },
      "name" : "Client Registration Questionnaire",
      "description" : "Immunization - Client Registration Questionnaire",
      "exampleBoolean" : false
    },
    {
      "extension" : [{
        "url" : "http://hl7.org/fhir/tools/StructureDefinition/resource-information",
        "valueString" : "ActorDefinition"
      }],
      "reference" : {
        "reference" : "ActorDefinition/CommunityHealthWorker"
      },
      "name" : "Community Health Worker",
      "description" : "Community health workers provide health education, referral and follow-up; case management and basic preventive health care; and home visiting services to specific communities. They provide support and assistance to clients by reminding clients to take their vaccinations, responding to emergencies, and reporting births.",
      "exampleBoolean" : false
    },
    {
      "extension" : [{
        "url" : "http://hl7.org/fhir/tools/StructureDefinition/resource-information",
        "valueString" : "ActorDefinition"
      }],
      "reference" : {
        "reference" : "ActorDefinition/EPIManager"
      },
      "name" : "Healthcare Worker",
      "description" : "Responsible for: developing annual and multi-annual plans; immunization communication and mobilization; management of logistics, the cold chain, and vaccines; monitoring, supervision and evaluation of immunization services; and coordination of EPI activities at the national and subnational levels.",
      "exampleBoolean" : false
    },
    {
      "extension" : [{
        "url" : "http://hl7.org/fhir/tools/StructureDefinition/resource-information",
        "valueString" : "ActorDefinition"
      }],
      "reference" : {
        "reference" : "ActorDefinition/HealthWorker"
      },
      "name" : "Healthcare Worker",
      "description" : "Health workers facilitate education sessions, administers immunizations, provide counselling when needed, record stock movements, and compiles/generates reports.",
      "exampleBoolean" : false
    },
    {
      "extension" : [{
        "url" : "http://hl7.org/fhir/tools/StructureDefinition/resource-information",
        "valueString" : "CodeSystem"
      }],
      "reference" : {
        "reference" : "CodeSystem/IMMZ-C"
      },
      "name" : "IMMZ-C CodeSystem for Data Elements",
      "description" : "CodeSystem for IMMZ.C Data Elements",
      "exampleBoolean" : false
    },
    {
      "extension" : [{
        "url" : "http://hl7.org/fhir/tools/StructureDefinition/resource-information",
        "valueString" : "ValueSet"
      }],
      "reference" : {
        "reference" : "ValueSet/IMMZ-C-DE5"
      },
      "name" : "IMMZ-C-DE5 ValueSet for Sex",
      "description" : "ValueSet for Sex for IMMZ-C-DE5.",
      "exampleBoolean" : false
    },
    {
      "extension" : [{
        "url" : "http://hl7.org/fhir/tools/StructureDefinition/resource-information",
        "valueString" : "ConceptMap"
      }],
      "reference" : {
        "reference" : "ConceptMap/IMMZ-C-SexToAdministrativeGender"
      },
      "name" : "IMMZ-C-SexToAdministrativeGender",
      "description" : "Mapping to and from IMMZ.C sex coding to FHIR Administrative Gender.",
      "exampleBoolean" : false
    },
    {
      "extension" : [{
        "url" : "http://hl7.org/fhir/tools/StructureDefinition/resource-information",
        "valueString" : "StructureDefinition:logical"
      }],
      "reference" : {
        "reference" : "StructureDefinition/IMMZ-D1-client-history-measles"
      },
      "name" : "IMMZ-D1 Capture Client History for Measles",
      "description" : "Data elements for the IMMZ-D1 Capture Client History Data Dictionary for Measles.",
      "exampleBoolean" : false
    },
    {
      "extension" : [{
        "url" : "http://hl7.org/fhir/tools/StructureDefinition/resource-information",
        "valueString" : "CodeSystem"
      }],
      "reference" : {
        "reference" : "CodeSystem/IMMZ-D1"
      },
      "name" : "IMMZ-D1 CodeSystem for Data Elements",
      "description" : "CodeSystem for IMMZ.C Data Elements",
      "exampleBoolean" : false
    },
    {
      "extension" : [{
        "url" : "http://hl7.org/fhir/tools/StructureDefinition/resource-information",
        "valueString" : "ConceptMap"
      }],
      "reference" : {
        "reference" : "ConceptMap/IMMZ-D1.ConceptMap"
      },
      "name" : "IMMZ-D1.ConceptMap",
      "description" : "Mapping to and from IMMZ-D1 Data Dictionary to other codesystems.",
      "exampleBoolean" : false
    },
    {
      "extension" : [{
        "url" : "http://hl7.org/fhir/tools/StructureDefinition/resource-information",
        "valueString" : "ValueSet"
      }],
      "reference" : {
        "reference" : "ValueSet/IMMZ-D1.DE10"
      },
      "name" : "IMMZ-D1.DE10 ValueSet for HIV Status",
      "description" : "ValueSet for HIV Status for IMMZ-D1.DE10.",
      "exampleBoolean" : false
    },
    {
      "extension" : [{
        "url" : "http://hl7.org/fhir/tools/StructureDefinition/resource-information",
        "valueString" : "ValueSet"
      }],
      "reference" : {
        "reference" : "ValueSet/IMMZ-D1.DE35"
      },
      "name" : "IMMZ-D1.DE35 ValueSet for Type of polio dose",
      "description" : "ValueSet for Type of polio dose for IMMZ-D1.DE35.",
      "exampleBoolean" : false
    },
    {
      "extension" : [{
        "url" : "http://hl7.org/fhir/tools/StructureDefinition/resource-information",
        "valueString" : "ValueSet"
      }],
      "reference" : {
        "reference" : "ValueSet/IMMZ-D1.DE52"
      },
      "name" : "IMMZ-D1.DE52 ValueSet for Type of last JE dose",
      "description" : "ValueSet for Type of last JE dose for IMMZ-D1.DE52.",
      "exampleBoolean" : false
    },
    {
      "extension" : [{
        "url" : "http://hl7.org/fhir/tools/StructureDefinition/resource-information",
        "valueString" : "ValueSet"
      }],
      "reference" : {
        "reference" : "ValueSet/IMMZ-D1.DE56"
      },
      "name" : "IMMZ-D1.DE56 ValueSet for Type of last TBE dose",
      "description" : "ValueSet for Type of last TBE dose for IMMZ-D1.DE56.",
      "exampleBoolean" : false
    },
    {
      "extension" : [{
        "url" : "http://hl7.org/fhir/tools/StructureDefinition/resource-information",
        "valueString" : "ValueSet"
      }],
      "reference" : {
        "reference" : "ValueSet/IMMZ-D1.DE61"
      },
      "name" : "IMMZ-D1.DE61 ValueSet for Type of last typhoid dose",
      "description" : "ValueSet for Type of last typhoid dose for IMMZ-D1.DE61.",
      "exampleBoolean" : false
    },
    {
      "extension" : [{
        "url" : "http://hl7.org/fhir/tools/StructureDefinition/resource-information",
        "valueString" : "ValueSet"
      }],
      "reference" : {
        "reference" : "ValueSet/IMMZ-D1.DE65"
      },
      "name" : "IMMZ-D1.DE65 ValueSet for Type of last cholera dose",
      "description" : "ValueSet for Type of last cholera dose for IMMZ-D1.DE65.",
      "exampleBoolean" : false
    },
    {
      "extension" : [{
        "url" : "http://hl7.org/fhir/tools/StructureDefinition/resource-information",
        "valueString" : "ValueSet"
      }],
      "reference" : {
        "reference" : "ValueSet/IMMZ-D1.DE68"
      },
      "name" : "IMMZ-D1.DE68 ValueSet for Type of last meningococcal dose",
      "description" : "ValueSet for Type of last meningococcal dose for IMMZ-D1.DE68.",
      "exampleBoolean" : false
    },
    {
      "extension" : [{
        "url" : "http://hl7.org/fhir/tools/StructureDefinition/resource-information",
        "valueString" : "ValueSet"
      }],
      "reference" : {
        "reference" : "ValueSet/IMMZ-D1.DE73"
      },
      "name" : "IMMZ-D1.DE73 ValueSet for Type of last hepatitis A dose",
      "description" : "ValueSet for Type of last hepatitis A dose for IMMZ-D1.DE73.",
      "exampleBoolean" : false
    },
    {
      "extension" : [{
        "url" : "http://hl7.org/fhir/tools/StructureDefinition/resource-information",
        "valueString" : "ValueSet"
      }],
      "reference" : {
        "reference" : "ValueSet/IMMZ-D1.DE84"
      },
      "name" : "IMMZ-D1.DE84 ValueSet for Type of TB infection test performed",
      "description" : "ValueSet for Type of TB infection test performed for IMMZ-D1.DE84.",
      "exampleBoolean" : false
    },
    {
      "extension" : [{
        "url" : "http://hl7.org/fhir/tools/StructureDefinition/resource-information",
        "valueString" : "ValueSet"
      }],
      "reference" : {
        "reference" : "ValueSet/IMMZ-D1.DE87"
      },
      "name" : "IMMZ-D1.DE87 ValueSet for TB infection test result",
      "description" : "ValueSet for TB infection test result for IMMZ-D1.DE87.",
      "exampleBoolean" : false
    },
    {
      "extension" : [{
        "url" : "http://hl7.org/fhir/tools/StructureDefinition/resource-information",
        "valueString" : "StructureDefinition:logical"
      }],
      "reference" : {
        "reference" : "StructureDefinition/IMMZ-C-register-client"
      },
      "name" : "IMMZ.C Register Client",
      "exampleBoolean" : false
    },
    {
      "extension" : [{
        "url" : "http://hl7.org/fhir/tools/StructureDefinition/resource-information",
        "valueString" : "ConceptMap"
      }],
      "reference" : {
        "reference" : "ConceptMap/IMMZ.C.ConceptMap"
      },
      "name" : "IMMZ.C.ConceptMap",
      "description" : "Mapping to and from IMMZ.C Data Dictionary to other codesystems.",
      "exampleBoolean" : false
    },
    {
      "extension" : [{
        "url" : "http://hl7.org/fhir/tools/StructureDefinition/resource-information",
        "valueString" : "StructureDefinition:resource"
      }],
      "reference" : {
        "reference" : "StructureDefinition/SMARTImplementationGuide"
      },
      "name" : "SMARTImplementationGuide",
      "exampleBoolean" : false
    }],
    "page" : {
      "extension" : [{
        "url" : "http://hl7.org/fhir/tools/StructureDefinition/ig-page-name",
        "valueUrl" : "toc.html"
      }],
      "nameUrl" : "toc.html",
      "title" : "Table of Contents",
      "generation" : "html",
      "page" : [{
        "extension" : [{
          "url" : "http://hl7.org/fhir/tools/StructureDefinition/ig-page-name",
          "valueUrl" : "index.html"
        }],
        "nameUrl" : "index.html",
        "title" : "Home",
        "generation" : "markdown",
        "page" : [{
          "extension" : [{
            "url" : "http://hl7.org/fhir/tools/StructureDefinition/ig-page-name",
            "valueUrl" : "changes.html"
          }],
          "nameUrl" : "changes.html",
          "title" : "Changes",
          "generation" : "markdown"
        },
        {
          "extension" : [{
            "url" : "http://hl7.org/fhir/tools/StructureDefinition/ig-page-name",
            "valueUrl" : "dependencies.html"
          }],
          "nameUrl" : "dependencies.html",
          "title" : "Dependencies",
          "generation" : "markdown"
        },
        {
          "extension" : [{
            "url" : "http://hl7.org/fhir/tools/StructureDefinition/ig-page-name",
            "valueUrl" : "references.html"
          }],
          "nameUrl" : "references.html",
          "title" : "References",
          "generation" : "markdown"
        },
        {
          "extension" : [{
            "url" : "http://hl7.org/fhir/tools/StructureDefinition/ig-page-name",
            "valueUrl" : "adapting.html"
          }],
          "nameUrl" : "adapting.html",
          "title" : "Adapting Guidelines for Country use",
          "generation" : "markdown"
        },
        {
          "extension" : [{
            "url" : "http://hl7.org/fhir/tools/StructureDefinition/ig-page-name",
            "valueUrl" : "license.html"
          }],
          "nameUrl" : "license.html",
          "title" : "License",
          "generation" : "markdown"
        }]
      },
      {
        "extension" : [{
          "url" : "http://hl7.org/fhir/tools/StructureDefinition/ig-page-name",
          "valueUrl" : "business-requirements.html"
        }],
        "nameUrl" : "business-requirements.html",
        "title" : "Business Requirements",
        "generation" : "markdown",
        "page" : [{
          "extension" : [{
            "url" : "http://hl7.org/fhir/tools/StructureDefinition/ig-page-name",
            "valueUrl" : "concepts.html"
          }],
          "nameUrl" : "concepts.html",
          "title" : "Concepts",
          "generation" : "markdown"
        },
        {
          "extension" : [{
            "url" : "http://hl7.org/fhir/tools/StructureDefinition/ig-page-name",
            "valueUrl" : "personas.html"
          }],
          "nameUrl" : "personas.html",
          "title" : "Generic Personas",
          "generation" : "markdown"
        },
        {
          "extension" : [{
            "url" : "http://hl7.org/fhir/tools/StructureDefinition/ig-page-name",
            "valueUrl" : "scenarios.html"
          }],
          "nameUrl" : "scenarios.html",
          "title" : "User Scenarios",
          "generation" : "markdown"
        },
        {
          "extension" : [{
            "url" : "http://hl7.org/fhir/tools/StructureDefinition/ig-page-name",
            "valueUrl" : "business-processes.html"
          }],
          "nameUrl" : "business-processes.html",
          "title" : "Business Processes",
          "generation" : "markdown"
        },
        {
          "extension" : [{
            "url" : "http://hl7.org/fhir/tools/StructureDefinition/ig-page-name",
            "valueUrl" : "dictionary.html"
          }],
          "nameUrl" : "dictionary.html",
          "title" : "Data Dictionary",
          "generation" : "markdown"
        },
        {
          "extension" : [{
            "url" : "http://hl7.org/fhir/tools/StructureDefinition/ig-page-name",
            "valueUrl" : "decision-logic.html"
          }],
          "nameUrl" : "decision-logic.html",
          "title" : "Decision-support logic",
          "generation" : "markdown"
        },
        {
          "extension" : [{
            "url" : "http://hl7.org/fhir/tools/StructureDefinition/ig-page-name",
            "valueUrl" : "indicators.html"
          }],
          "nameUrl" : "indicators.html",
          "title" : "Indicator and Performance Metrics",
          "generation" : "markdown"
        },
        {
          "extension" : [{
            "url" : "http://hl7.org/fhir/tools/StructureDefinition/ig-page-name",
            "valueUrl" : "functional-requirements.html"
          }],
          "nameUrl" : "functional-requirements.html",
          "title" : "Functional Requirements",
          "generation" : "markdown"
        },
        {
          "extension" : [{
            "url" : "http://hl7.org/fhir/tools/StructureDefinition/ig-page-name",
            "valueUrl" : "non-functional-requirements.html"
          }],
          "nameUrl" : "non-functional-requirements.html",
          "title" : "Non-functional Requirements",
          "generation" : "markdown"
        }]
      },
      {
        "extension" : [{
          "url" : "http://hl7.org/fhir/tools/StructureDefinition/ig-page-name",
          "valueUrl" : "data-models-and-exchange.html"
        }],
        "nameUrl" : "data-models-and-exchange.html",
        "title" : "Data Models and Exchange",
        "generation" : "markdown",
        "page" : [{
          "extension" : [{
            "url" : "http://hl7.org/fhir/tools/StructureDefinition/ig-page-name",
            "valueUrl" : "system-actors.html"
          }],
          "nameUrl" : "system-actors.html",
          "title" : "System Actors",
          "generation" : "markdown"
        },
        {
          "extension" : [{
            "url" : "http://hl7.org/fhir/tools/StructureDefinition/ig-page-name",
            "valueUrl" : "sequence-diagrams.html"
          }],
          "nameUrl" : "sequence-diagrams.html",
          "title" : "Sequence Diagrams",
          "generation" : "markdown"
        },
        {
          "extension" : [{
            "url" : "http://hl7.org/fhir/tools/StructureDefinition/ig-page-name",
            "valueUrl" : "transactions.html"
          }],
          "nameUrl" : "transactions.html",
          "title" : "Transactions",
          "generation" : "markdown"
        },
        {
          "extension" : [{
            "url" : "http://hl7.org/fhir/tools/StructureDefinition/ig-page-name",
            "valueUrl" : "indicators-measures.html"
          }],
          "nameUrl" : "indicators-measures.html",
          "title" : "Indicators and Measures",
          "generation" : "markdown"
        },
        {
          "extension" : [{
            "url" : "http://hl7.org/fhir/tools/StructureDefinition/ig-page-name",
            "valueUrl" : "codings.html"
          }],
          "nameUrl" : "codings.html",
          "title" : "Codings",
          "generation" : "markdown"
        }]
      },
      {
        "extension" : [{
          "url" : "http://hl7.org/fhir/tools/StructureDefinition/ig-page-name",
          "valueUrl" : "deployment.html"
        }],
        "nameUrl" : "deployment.html",
        "title" : "Deployment",
        "generation" : "markdown",
        "page" : [{
          "extension" : [{
            "url" : "http://hl7.org/fhir/tools/StructureDefinition/ig-page-name",
            "valueUrl" : "security-privacy.html"
          }],
          "nameUrl" : "security-privacy.html",
          "title" : "Security and Privacy Considerations",
          "generation" : "markdown"
        },
        {
          "extension" : [{
            "url" : "http://hl7.org/fhir/tools/StructureDefinition/ig-page-name",
            "valueUrl" : "testing.html"
          }],
          "nameUrl" : "testing.html",
          "title" : "Testing",
          "generation" : "markdown"
        },
        {
          "extension" : [{
            "url" : "http://hl7.org/fhir/tools/StructureDefinition/ig-page-name",
            "valueUrl" : "test-data.html"
          }],
          "nameUrl" : "test-data.html",
          "title" : "Test Data",
          "generation" : "markdown"
        },
        {
          "extension" : [{
            "url" : "http://hl7.org/fhir/tools/StructureDefinition/ig-page-name",
            "valueUrl" : "reference-implementations.html"
          }],
          "nameUrl" : "reference-implementations.html",
          "title" : "Reference Implementations",
          "generation" : "markdown"
        },
        {
          "extension" : [{
            "url" : "http://hl7.org/fhir/tools/StructureDefinition/ig-page-name",
            "valueUrl" : "downloads.html"
          }],
          "nameUrl" : "downloads.html",
          "title" : "Downloads",
          "generation" : "markdown"
        }]
      },
      {
        "extension" : [{
          "url" : "http://hl7.org/fhir/tools/StructureDefinition/ig-page-name",
          "valueUrl" : "indices.html"
        }],
        "nameUrl" : "indices.html",
        "title" : "Indices",
        "generation" : "markdown",
        "page" : [{
          "extension" : [{
            "url" : "http://hl7.org/fhir/tools/StructureDefinition/ig-page-name",
            "valueUrl" : "artifacts.html"
          }],
          "nameUrl" : "artifacts.html",
          "title" : "Artifact Index",
          "generation" : "html"
        },
        {
          "extension" : [{
            "url" : "http://hl7.org/fhir/tools/StructureDefinition/ig-page-name",
            "valueUrl" : "maps.html"
          }],
          "nameUrl" : "maps.html",
          "title" : "Mappings",
          "generation" : "markdown"
        }]
      }]
    },
    "parameter" : [{
      "code" : "path-resource",
      "value" : "input/actors"
    },
    {
      "code" : "path-resource",
      "value" : "input/capabilities"
    },
    {
      "code" : "path-resource",
      "value" : "input/examples"
    },
    {
      "code" : "path-resource",
      "value" : "input/extensions"
    },
    {
      "code" : "path-resource",
      "value" : "input/models"
    },
    {
      "code" : "path-resource",
      "value" : "input/operations"
    },
    {
      "code" : "path-resource",
      "value" : "input/profiles"
    },
    {
      "code" : "path-resource",
      "value" : "input/resources"
    },
    {
      "code" : "path-resource",
      "value" : "input/vocabulary"
    },
    {
      "code" : "path-resource",
      "value" : "input/testing"
    },
    {
      "code" : "path-resource",
      "value" : "input/history"
    },
    {
      "code" : "path-resource",
      "value" : "fsh-generated/resources"
    },
    {
      "code" : "path-pages",
      "value" : "template/config"
    },
    {
      "code" : "path-pages",
      "value" : "input/images"
    },
    {
      "code" : "path-tx-cache",
      "value" : "input-cache/txcache"
    }]
  }
}