"Id","Path","Slice Name","Alias(s)","Label","Min","Max","Must Support?","Is Modifier?","Is Summary?","Type(s)","Short","Definition","Comments","Requirements","Default Value","Meaning When Missing","Fixed Value","Pattern","Example","Minimum Value","Maximum Value","Maximum Length","Binding Strength","Binding Description","Binding Value Set","Code","Slicing Discriminator","Slicing Description","Slicing Ordered","Slicing Rules","Base Path","Base Min","Base Max","Condition(s)","Constraint(s)","Mapping: RIM Mapping","Mapping: Workflow Pattern","Mapping: FiveWs Pattern Mapping","Mapping: Object Implementation Information"
"ImplementationGuide","ImplementationGuide","","","",0,*,"","","","null {[]} {[]}
","A set of rules about how FHIR is used","A set of rules of how a particular interoperability or standards problem is solved - typically through the use of FHIR resources. This resource is used to gather all the parts of an implementation guide into a logical whole and to publish a computable definition of all the parts.","","","","","","","","","",,,,,"",,,,"ImplementationGuide",0,*,"","dom-2:If the resource is contained in another resource, it SHALL NOT contain nested Resources {contained.contained.empty()}
dom-3:If the resource is contained in another resource, it SHALL be referred to from elsewhere in the resource or SHALL refer to the containing resource {contained.where((('#'+id in (%resource.descendants().reference | %resource.descendants().as(canonical) | %resource.descendants().as(uri) | %resource.descendants().as(url))) or descendants().where(reference = '#').exists() or descendants().where(as(canonical) = '#').exists() or descendants().where(as(canonical) = '#').exists()).not()).trace('unmatched', id).empty()}dom-4:If a resource is contained in another resource, it SHALL NOT have a meta.versionId or a meta.lastUpdated {contained.meta.versionId.empty() and contained.meta.lastUpdated.empty()}dom-5:If a resource is contained in another resource, it SHALL NOT have a security label {contained.meta.security.empty()}dom-6:A resource should have narrative for robust management {text.`div`.exists()}ig-0:Name should be usable as an identifier for the module by machine processing applications such as code generation {name.matches('[A-Z]([A-Za-z0-9_]){0,254}')}ig-2:If a resource has a fhirVersion, it must be oe of the versions defined for the Implementation Guide {definition.resource.fhirVersion.all(%context.fhirVersion contains $this)}","Entity. Role, or Act","n/a"
"ImplementationGuide.id","ImplementationGuide.id","","","",0,1,"","","Y","id {[]} {[]}
","Logical id of this artifact","The logical id of the resource, as used in the URL for the resource. Once assigned, this value never changes.","The only time that a resource does not have an id is when it is being submitted to the server using a create operation.","","","","","","","","",,,,,"",,,,"Resource.id",0,1,"",""
"ImplementationGuide.meta","ImplementationGuide.meta","","","",0,1,"","","Y","Meta {[]} {[]}
","Metadata about the resource","The metadata about the resource. This is content that is maintained by the infrastructure. Changes to the content might not always be associated with version changes to the resource.","","","","","","","","","",,,,,"",,,,"Resource.meta",0,1,"","ele-1:All FHIR elements must have a @value or children {hasValue() or (children().count() > id.count())}
"
"ImplementationGuide.implicitRules","ImplementationGuide.implicitRules","","","",0,1,"","Y","Y","uri {[]} {[]}
","A set of rules under which this content was created","A reference to a set of rules that were followed when the resource was constructed, and which must be understood when processing the content. Often, this is a reference to an implementation guide that defines the special rules along with other profiles etc.","Asserting this rule set restricts the content to be only understood by a limited set of trading partners. This inherently limits the usefulness of the data in the long term. However, the existing health eco-system is highly fractured, and not yet ready to define, collect, and exchange data in a generally computable sense. Wherever possible, implementers and/or specification writers should avoid using this element. Often, when used, the URL is a reference to an implementation guide that defines these special rules as part of it's narrative along with other profiles, value sets, etc.","","","","","","","","",,,,,"",,,,"Resource.implicitRules",0,1,"","ele-1:All FHIR elements must have a @value or children {hasValue() or (children().count() > id.count())}
"
"ImplementationGuide.language","ImplementationGuide.language","","","",0,1,"","","","code {[]} {[]}
","Language of the resource content","The base language in which the resource is written.","Language is provided to support indexing and accessibility (typically, services such as text to speech use the language tag). The html language tag in the narrative applies  to the narrative. The language tag on the resource may be used to specify the language of other presentations generated from the data in the resource. Not all the content has to be in the base language. The Resource.language should not be assumed to apply to the narrative automatically. If a language is specified, it should it also be specified on the div element in the html (see rules in HTML5 for information about the relationship between xml:lang and the html lang attribute).","","","","","","","","",,"preferred","A human language.","http://hl7.org/fhir/ValueSet/languages","",,,,"Resource.language",0,1,"","ele-1:All FHIR elements must have a @value or children {hasValue() or (children().count() > id.count())}
"
"ImplementationGuide.text","ImplementationGuide.text","","narrative
htmlxhtmldisplay","",0,1,"","","","Narrative {[]} {[]}
","Text summary of the resource, for human interpretation","A human-readable narrative that contains a summary of the resource and can be used to represent the content of the resource to a human. The narrative need not encode all the structured data, but is required to contain sufficient detail to make it ""clinically safe"" for a human to just read the narrative. Resource definitions may define what content should be represented in the narrative to ensure clinical safety.","Contained resources do not have narrative. Resources that are not contained SHOULD have a narrative. In some cases, a resource may only have text with little or no additional discrete data (as long as all minOccurs=1 elements are satisfied).  This may be necessary for data from legacy systems where information is captured as a ""text blob"" or where text is additionally entered raw or narrated and encoded information is added later.","","","","","","","","",,,,,"",,,,"DomainResource.text",0,1,"","ele-1:All FHIR elements must have a @value or children {hasValue() or (children().count() > id.count())}
","Act.text?"
"ImplementationGuide.contained","ImplementationGuide.contained","","inline resources
anonymous resourcescontained resources","",0,*,"","","","Resource {[]} {[]}
","Contained, inline Resources","These resources do not have an independent existence apart from the resource that contains them - they cannot be identified independently, and nor can they have their own independent transaction scope.","This should never be done when the content can be identified properly, as once identification is lost, it is extremely difficult (and context dependent) to restore it again. Contained resources may have profiles and tags In their meta elements, but SHALL NOT have security labels.","","","","","","","","",,,,,"",,,,"DomainResource.contained",0,*,"","","N/A"
"ImplementationGuide.extension","ImplementationGuide.extension","","extensions
user content","",0,*,"","","","Extension {[]} {[]}
","Additional content defined by implementations","May be used to represent additional information that is not part of the basic definition of the resource. To make the use of extensions safe and manageable, there is a strict set of governance  applied to the definition and use of extensions. Though any implementer can define an extension, there is a set of requirements that SHALL be met as part of the definition of the extension.","There can be no stigma associated with the use of extensions by any application, project, or standard - regardless of the institution or jurisdiction that uses or defines the extensions.  The use of extensions is what allows the FHIR specification to retain a core level of simplicity for everyone.","","","","","","","","",,,,,"",,,,"DomainResource.extension",0,*,"","ele-1:All FHIR elements must have a @value or children {hasValue() or (children().count() > id.count())}
ext-1:Must have either extensions or value[x], not both {extension.exists() != value.exists()}","N/A"
"ImplementationGuide.modifierExtension","ImplementationGuide.modifierExtension","","extensions
user content","",0,*,"","Y","","Extension {[]} {[]}
","Extensions that cannot be ignored","May be used to represent additional information that is not part of the basic definition of the resource and that modifies the understanding of the element that contains it and/or the understanding of the containing element's descendants. Usually modifier elements provide negation or qualification. To make the use of extensions safe and manageable, there is a strict set of governance applied to the definition and use of extensions. Though any implementer is allowed to define an extension, there is a set of requirements that SHALL be met as part of the definition of the extension. Applications processing a resource are required to check for modifier extensions.

Modifier extensions SHALL NOT change the meaning of any elements on Resource or DomainResource (including cannot change the meaning of modifierExtension itself).","There can be no stigma associated with the use of extensions by any application, project, or standard - regardless of the institution or jurisdiction that uses or defines the extensions.  The use of extensions is what allows the FHIR specification to retain a core level of simplicity for everyone.","Modifier extensions allow for extensions that *cannot* be safely ignored to be clearly distinguished from the vast majority of extensions which can be safely ignored.  This promotes interoperability by eliminating the need for implementers to prohibit the presence of extensions. For further information, see the [definition of modifier extensions](http://hl7.org/fhir/R4/extensibility.html#modifierExtension).","","","","","","","",,,,,"",,,,"DomainResource.modifierExtension",0,*,"","ele-1:All FHIR elements must have a @value or children {hasValue() or (children().count() > id.count())}
ext-1:Must have either extensions or value[x], not both {extension.exists() != value.exists()}","N/A"
"ImplementationGuide.url","ImplementationGuide.url","","url
authoritative-urldestinationidentity","",1,1,"","","Y","uri {[]} {[]}
","Canonical identifier for this implementation guide, represented as a URI (globally unique)","An absolute URI that is used to identify this implementation guide when it is referenced in a specification, model, design or an instance; also called its canonical identifier. This SHOULD be globally unique and SHOULD be a literal address at which at which an authoritative instance of this implementation guide is (or will be) published. This URL can be the target of a canonical reference. It SHALL remain the same when the implementation guide is stored on different servers.","Can be a urn:uuid: or a urn:oid: but real http: addresses are preferred.  Multiple instances may share the same URL if they have a distinct version.

The determination of when to create a new version of a resource (same url, new version) vs. defining a new artifact is up to the author.  Considerations for making this decision are found in [Technical and Business Versions](http://hl7.org/fhir/R4/resource.html#versions). 

In some cases, the resource can no longer be found at the stated url, but the url itself cannot change. Implementations can use the [meta.source](http://hl7.org/fhir/R4/resource.html#meta) element to indicate where the current master source of the resource can be found.","Allows the implementation guide to be referenced by a single globally unique identifier. This is required to allow hosting Implementation Guides on multiple different servers, and to allow for the editorial process.","","","","","","","",,,,,"",,,,"ImplementationGuide.url",1,1,"","ele-1:All FHIR elements must have a @value or children {hasValue() or (children().count() > id.count())}
","Definition.url","FiveWs.identifier"
"ImplementationGuide.version","ImplementationGuide.version","","","",0,1,"","","Y","string {[]} {[]}
","Business version of the implementation guide","The identifier that is used to identify this version of the implementation guide when it is referenced in a specification, model, design or instance. This is an arbitrary value managed by the implementation guide author and is not expected to be globally unique. For example, it might be a timestamp (e.g. yyyymmdd) if a managed version is not available. There is also no expectation that versions can be placed in a lexicographical sequence.","There may be different implementation guide instances that have the same identifier but different versions.  The version can be appended to the url in a reference to allow a reference to a particular business version of the implementation guide with the format [url]|[version].","","","","","","","","",,,,,"",,,,"ImplementationGuide.version",0,1,"","ele-1:All FHIR elements must have a @value or children {hasValue() or (children().count() > id.count())}
","Definition.version","FiveWs.version"
"ImplementationGuide.name","ImplementationGuide.name","","","",1,1,"","","Y","string {[]} {[]}
","Name for this implementation guide (computer friendly)","A natural language name identifying the implementation guide. This name should be usable as an identifier for the module by machine processing applications such as code generation.","The name is not expected to be globally unique. The name should be a simple alphanumeric type name to ensure that it is machine-processing friendly.","Support human navigation and code generation.","","","","","","","",,,,,"",,,,"ImplementationGuide.name",1,1,"inv-0
","ele-1:All FHIR elements must have a @value or children {hasValue() or (children().count() > id.count())}
"
"ImplementationGuide.title","ImplementationGuide.title","","","",0,1,"","","Y","string {[]} {[]}
","Name for this implementation guide (human friendly)","A short, descriptive, user-friendly title for the implementation guide.","This name does not need to be machine-processing friendly and may contain punctuation, white-space, etc.","","","","","","","","",,,,,"",,,,"ImplementationGuide.title",0,1,"","ele-1:All FHIR elements must have a @value or children {hasValue() or (children().count() > id.count())}
","Definition.title"
"ImplementationGuide.status","ImplementationGuide.status","","","",1,1,"","Y","Y","code {[]} {[]}
","draft | active | retired | unknown","The status of this implementation guide. Enables tracking the life-cycle of the content.","Allows filtering of implementation guides that are appropriate for use versus not.","","","","","","","","",,"required","The lifecycle status of an artifact.","http://hl7.org/fhir/ValueSet/publication-status|4.0.1","",,,,"ImplementationGuide.status",1,1,"","ele-1:All FHIR elements must have a @value or children {hasValue() or (children().count() > id.count())}
","Definition.status","FiveWs.status"
"ImplementationGuide.experimental","ImplementationGuide.experimental","","","",0,1,"","","Y","boolean {[]} {[]}
","For testing purposes, not real usage","A Boolean value to indicate that this implementation guide is authored for testing purposes (or education/evaluation/marketing) and is not intended to be used for genuine usage.","Allows filtering of implementation guides that are appropriate for use versus not.","Enables experimental content to be developed following the same lifecycle that would be used for a production-level implementation guide.","","","","","","","",,,,,"",,,,"ImplementationGuide.experimental",0,1,"","ele-1:All FHIR elements must have a @value or children {hasValue() or (children().count() > id.count())}
","Definition.experimental","FiveWs.class"
"ImplementationGuide.date","ImplementationGuide.date","","Revision Date
","",0,1,"","","Y","dateTime {[]} {[]}
","Date last changed","The date  (and optionally time) when the implementation guide was published. The date must change when the business version changes and it must change if the status code changes. In addition, it should change when the substantive content of the implementation guide changes.","Note that this is not the same as the resource last-modified-date, since the resource may be a secondary representation of the implementation guide. Additional specific dates may be added as extensions or be found by consulting Provenances associated with past versions of the resource.","","","","","","","","",,,,,"",,,,"ImplementationGuide.date",0,1,"","ele-1:All FHIR elements must have a @value or children {hasValue() or (children().count() > id.count())}
","Definition.date","FiveWs.recorded"
"ImplementationGuide.publisher","ImplementationGuide.publisher","","","",0,1,"","","Y","string {[]} {[]}
","Name of the publisher (organization or individual)","The name of the organization or individual that published the implementation guide.","Usually an organization but may be an individual. The publisher (or steward) of the implementation guide is the organization or individual primarily responsible for the maintenance and upkeep of the implementation guide. This is not necessarily the same individual or organization that developed and initially authored the content. The publisher is the primary point of contact for questions or issues with the implementation guide. This item SHOULD be populated unless the information is available from context.","Helps establish the ""authority/credibility"" of the implementation guide.  May also allow for contact.","","","","","","","",,,,,"",,,,"ImplementationGuide.publisher",0,1,"","ele-1:All FHIR elements must have a @value or children {hasValue() or (children().count() > id.count())}
","Definition.publisher","FiveWs.witness"
"ImplementationGuide.contact","ImplementationGuide.contact","","","",0,*,"","","Y","ContactDetail {[]} {[]}
","Contact details for the publisher","Contact details to assist a user in finding and communicating with the publisher.","May be a web site, an email address, a telephone number, etc.","","","","","","","","",,,,,"",,,,"ImplementationGuide.contact",0,*,"","ele-1:All FHIR elements must have a @value or children {hasValue() or (children().count() > id.count())}
","Definition.contact"
"ImplementationGuide.description","ImplementationGuide.description","","","",0,1,"","","","markdown {[]} {[]}
","Natural language description of the implementation guide","A free text natural language description of the implementation guide from a consumer's perspective.","This description can be used to capture details such as why the implementation guide was built, comments about misuse, instructions for clinical use and interpretation, literature references, examples from the paper world, etc. It is not a rendering of the implementation guide as conveyed in the 'text' field of the resource itself. This item SHOULD be populated unless the information is available from context (e.g. the language of the implementation guide is presumed to be the predominant language in the place the implementation guide was created).","","","","","","","","",,,,,"",,,,"ImplementationGuide.description",0,1,"","ele-1:All FHIR elements must have a @value or children {hasValue() or (children().count() > id.count())}
","Definition.description"
"ImplementationGuide.useContext","ImplementationGuide.useContext","","","",0,*,"","","Y","UsageContext {[]} {[]}
","The context that the content is intended to support","The content was developed with a focus and intent of supporting the contexts that are listed. These contexts may be general categories (gender, age, ...) or may be references to specific programs (insurance plans, studies, ...) and may be used to assist with indexing and searching for appropriate implementation guide instances.","When multiple useContexts are specified, there is no expectation that all or any of the contexts apply.","Assist in searching for appropriate content.","","","","","","","",,,,,"",,,,"ImplementationGuide.useContext",0,*,"","ele-1:All FHIR elements must have a @value or children {hasValue() or (children().count() > id.count())}
","Definition.useContext"
"ImplementationGuide.jurisdiction","ImplementationGuide.jurisdiction","","","",0,*,"","","Y","CodeableConcept {[]} {[]}
","Intended jurisdiction for implementation guide (if applicable)","A legal or geographic region in which the implementation guide is intended to be used.","It may be possible for the implementation guide to be used in jurisdictions other than those for which it was originally designed or intended.","","","","","","","","",,"extensible","Countries and regions within which this artifact is targeted for use.","http://hl7.org/fhir/ValueSet/jurisdiction","",,,,"ImplementationGuide.jurisdiction",0,*,"","ele-1:All FHIR elements must have a @value or children {hasValue() or (children().count() > id.count())}
","Definition.jurisdiction"
"ImplementationGuide.copyright","ImplementationGuide.copyright","","License
Restrictions","",0,1,"","","","markdown {[]} {[]}
","Use and/or publishing restrictions","A copyright statement relating to the implementation guide and/or its contents. Copyright statements are generally legal restrictions on the use and publishing of the implementation guide.","","Consumers must be able to determine any legal restrictions on the use of the implementation guide and/or its content.","","","","","","","",,,,,"",,,,"ImplementationGuide.copyright",0,1,"","ele-1:All FHIR elements must have a @value or children {hasValue() or (children().count() > id.count())}
","Definition.copyright","no-gen-base"
"ImplementationGuide.packageId","ImplementationGuide.packageId","","","",1,1,"","","Y","id {[]} {[]}
","NPM Package name for IG","The NPM package name for this Implementation Guide, used in the NPM package distribution, which is the primary mechanism by which FHIR based tooling manages IG dependencies. This value must be globally unique, and should be assigned with care.","Many (if not all) IG publishing tools will require that this element be present. For implementation guides published through HL7 or the FHIR foundation, the FHIR product director assigns package IDs.","","","","","","","","",,,,,"",,,,"ImplementationGuide.packageId",1,1,"","ele-1:All FHIR elements must have a @value or children {hasValue() or (children().count() > id.count())}
"
"ImplementationGuide.license","ImplementationGuide.license","","","",0,1,"","","Y","code {[]} {[]}
","SPDX license code for this IG (or not-open-source)","The license that applies to this Implementation Guide, using an SPDX license code, or 'not-open-source'.","","","","","","<valueCode xmlns=""http://hl7.org/fhir"" value=""CC-BY-SA-3.0-IGO""/>","","","",,"required","The license that applies to an Implementation Guide (using an SPDX license Identifiers, or 'not-open-source'). The binding is required but new SPDX license Identifiers are allowed to be used (https://spdx.org/licenses/).","http://hl7.org/fhir/ValueSet/spdx-license|4.0.1","",,,,"ImplementationGuide.license",0,1,"","ele-1:All FHIR elements must have a @value or children {hasValue() or (children().count() > id.count())}
"
"ImplementationGuide.fhirVersion","ImplementationGuide.fhirVersion","","","",1,*,"","","Y","code {[]} {[]}
","FHIR Version(s) this Implementation Guide targets","The version(s) of the FHIR specification that this ImplementationGuide targets - e.g. describes how to use. The value of this element is the formal version of the specification, without the revision number, e.g. [publication].[major].[minor], which is 4.0.1. for this version.","Most implementation guides target a single version - e.g. they describe how to use a particular version, and the profiles and examples etc are valid for that version. But some implementation guides describe how to use multiple different versions of FHIR to solve the same problem, or in concert with each other. Typically, the requirement to support multiple versions arises as implementation matures and different implementation communities are stuck at different versions by regulation or market dynamics.","","","","","","","","",,"required","All published FHIR Versions.","http://hl7.org/fhir/ValueSet/FHIR-version|4.0.1","",,,,"ImplementationGuide.fhirVersion",1,*,"","ele-1:All FHIR elements must have a @value or children {hasValue() or (children().count() > id.count())}
"
"ImplementationGuide.dependsOn","ImplementationGuide.dependsOn","","","",0,*,"","","Y","BackboneElement {[]} {[]}
","Another Implementation guide this depends on","Another implementation guide that this implementation depends on. Typically, an implementation guide uses value sets, profiles etc.defined in other implementation guides.","","","","","","","","","",,,,,"",,,,"ImplementationGuide.dependsOn",0,*,"","ele-1:All FHIR elements must have a @value or children {hasValue() or (children().count() > id.count())}
"
"ImplementationGuide.dependsOn.id","ImplementationGuide.dependsOn.id","","","",0,1,"","","","string {[]} {[]}
","Unique id for inter-element referencing","Unique id for the element within a resource (for internal references). This may be any string value that does not contain spaces.","","","","","","","","","",,,,,"",,,,"Element.id",0,1,"","","n/a"
"ImplementationGuide.dependsOn.extension","ImplementationGuide.dependsOn.extension","","extensions
user content","",0,*,"","","","Extension {[]} {[]}
","Additional content defined by implementations","May be used to represent additional information that is not part of the basic definition of the element. To make the use of extensions safe and manageable, there is a strict set of governance  applied to the definition and use of extensions. Though any implementer can define an extension, there is a set of requirements that SHALL be met as part of the definition of the extension.","There can be no stigma associated with the use of extensions by any application, project, or standard - regardless of the institution or jurisdiction that uses or defines the extensions.  The use of extensions is what allows the FHIR specification to retain a core level of simplicity for everyone.","","","","","","","","",,,,,"",,,,"Element.extension",0,*,"","ele-1:All FHIR elements must have a @value or children {hasValue() or (children().count() > id.count())}
ext-1:Must have either extensions or value[x], not both {extension.exists() != value.exists()}","n/a"
"ImplementationGuide.dependsOn.modifierExtension","ImplementationGuide.dependsOn.modifierExtension","","extensions
user contentmodifiers","",0,*,"","Y","Y","Extension {[]} {[]}
","Extensions that cannot be ignored even if unrecognized","May be used to represent additional information that is not part of the basic definition of the element and that modifies the understanding of the element in which it is contained and/or the understanding of the containing element's descendants. Usually modifier elements provide negation or qualification. To make the use of extensions safe and manageable, there is a strict set of governance applied to the definition and use of extensions. Though any implementer can define an extension, there is a set of requirements that SHALL be met as part of the definition of the extension. Applications processing a resource are required to check for modifier extensions.

Modifier extensions SHALL NOT change the meaning of any elements on Resource or DomainResource (including cannot change the meaning of modifierExtension itself).","There can be no stigma associated with the use of extensions by any application, project, or standard - regardless of the institution or jurisdiction that uses or defines the extensions.  The use of extensions is what allows the FHIR specification to retain a core level of simplicity for everyone.","Modifier extensions allow for extensions that *cannot* be safely ignored to be clearly distinguished from the vast majority of extensions which can be safely ignored.  This promotes interoperability by eliminating the need for implementers to prohibit the presence of extensions. For further information, see the [definition of modifier extensions](http://hl7.org/fhir/R4/extensibility.html#modifierExtension).","","","","","","","",,,,,"",,,,"BackboneElement.modifierExtension",0,*,"","ele-1:All FHIR elements must have a @value or children {hasValue() or (children().count() > id.count())}
ext-1:Must have either extensions or value[x], not both {extension.exists() != value.exists()}","N/A"
"ImplementationGuide.dependsOn.uri","ImplementationGuide.dependsOn.uri","","","",1,1,"","","Y","canonical {[]} {[CanonicalType[http://hl7.org/fhir/StructureDefinition/ImplementationGuide]]}
","Identity of the IG that this depends on","A canonical reference to the Implementation guide for the dependency.","Usually, A canonical reference to the implementation guide is the same as the master location at which the implementation guide is published.","","","","","","","","",,,,,"",,,,"ImplementationGuide.dependsOn.uri",1,1,"","ele-1:All FHIR elements must have a @value or children {hasValue() or (children().count() > id.count())}
"
"ImplementationGuide.dependsOn.packageId","ImplementationGuide.dependsOn.packageId","","","",0,1,"","","Y","id {[]} {[]}
","NPM Package name for IG this depends on","The NPM package name for the Implementation Guide that this IG depends on.","","","","","","","","","",,,,,"",,,,"ImplementationGuide.dependsOn.packageId",0,1,"","ele-1:All FHIR elements must have a @value or children {hasValue() or (children().count() > id.count())}
"
"ImplementationGuide.dependsOn.version","ImplementationGuide.dependsOn.version","","","",0,1,"","","Y","string {[]} {[]}
","Version of the IG","The version of the IG that is depended on, when the correct version is required to understand the IG correctly.","This follows the syntax of the NPM packaging version field - see [[reference]].","","","","","","","","",,,,,"",,,,"ImplementationGuide.dependsOn.version",0,1,"","ele-1:All FHIR elements must have a @value or children {hasValue() or (children().count() > id.count())}
"
"ImplementationGuide.global","ImplementationGuide.global","","","",0,*,"","","Y","BackboneElement {[]} {[]}
","Profiles that apply globally","A set of profiles that all resources covered by this implementation guide must conform to.","See [Default Profiles](http://hl7.org/fhir/R4/implementationguide.html#default) for a discussion of which resources are 'covered' by an implementation guide.","","","","","","","","",,,,,"",,,,"ImplementationGuide.global",0,*,"","ele-1:All FHIR elements must have a @value or children {hasValue() or (children().count() > id.count())}
"
"ImplementationGuide.global.id","ImplementationGuide.global.id","","","",0,1,"","","","string {[]} {[]}
","Unique id for inter-element referencing","Unique id for the element within a resource (for internal references). This may be any string value that does not contain spaces.","","","","","","","","","",,,,,"",,,,"Element.id",0,1,"","","n/a"
"ImplementationGuide.global.extension","ImplementationGuide.global.extension","","extensions
user content","",0,*,"","","","Extension {[]} {[]}
","Additional content defined by implementations","May be used to represent additional information that is not part of the basic definition of the element. To make the use of extensions safe and manageable, there is a strict set of governance  applied to the definition and use of extensions. Though any implementer can define an extension, there is a set of requirements that SHALL be met as part of the definition of the extension.","There can be no stigma associated with the use of extensions by any application, project, or standard - regardless of the institution or jurisdiction that uses or defines the extensions.  The use of extensions is what allows the FHIR specification to retain a core level of simplicity for everyone.","","","","","","","","",,,,,"",,,,"Element.extension",0,*,"","ele-1:All FHIR elements must have a @value or children {hasValue() or (children().count() > id.count())}
ext-1:Must have either extensions or value[x], not both {extension.exists() != value.exists()}","n/a"
"ImplementationGuide.global.modifierExtension","ImplementationGuide.global.modifierExtension","","extensions
user contentmodifiers","",0,*,"","Y","Y","Extension {[]} {[]}
","Extensions that cannot be ignored even if unrecognized","May be used to represent additional information that is not part of the basic definition of the element and that modifies the understanding of the element in which it is contained and/or the understanding of the containing element's descendants. Usually modifier elements provide negation or qualification. To make the use of extensions safe and manageable, there is a strict set of governance applied to the definition and use of extensions. Though any implementer can define an extension, there is a set of requirements that SHALL be met as part of the definition of the extension. Applications processing a resource are required to check for modifier extensions.

Modifier extensions SHALL NOT change the meaning of any elements on Resource or DomainResource (including cannot change the meaning of modifierExtension itself).","There can be no stigma associated with the use of extensions by any application, project, or standard - regardless of the institution or jurisdiction that uses or defines the extensions.  The use of extensions is what allows the FHIR specification to retain a core level of simplicity for everyone.","Modifier extensions allow for extensions that *cannot* be safely ignored to be clearly distinguished from the vast majority of extensions which can be safely ignored.  This promotes interoperability by eliminating the need for implementers to prohibit the presence of extensions. For further information, see the [definition of modifier extensions](http://hl7.org/fhir/R4/extensibility.html#modifierExtension).","","","","","","","",,,,,"",,,,"BackboneElement.modifierExtension",0,*,"","ele-1:All FHIR elements must have a @value or children {hasValue() or (children().count() > id.count())}
ext-1:Must have either extensions or value[x], not both {extension.exists() != value.exists()}","N/A"
"ImplementationGuide.global.type","ImplementationGuide.global.type","","","",1,1,"","","Y","code {[]} {[]}
","Type this profile applies to","The type of resource that all instances must conform to.","The type must match that of the profile that is referred to but is made explicit here as a denormalization so that a system processing the implementation guide resource knows which resources the profile applies to even if the profile itself is not available.","","","","","","","","",,"required","One of the resource types defined as part of this version of FHIR.","http://hl7.org/fhir/ValueSet/resource-types|4.0.1","",,,,"ImplementationGuide.global.type",1,1,"","ele-1:All FHIR elements must have a @value or children {hasValue() or (children().count() > id.count())}
"
"ImplementationGuide.global.profile","ImplementationGuide.global.profile","","","",1,1,"","","Y","canonical {[]} {[CanonicalType[http://hl7.org/fhir/StructureDefinition/StructureDefinition]]}
","Profile that all resources must conform to","A reference to the profile that all instances must conform to.","","","","","","","","","",,,,,"",,,,"ImplementationGuide.global.profile",1,1,"","ele-1:All FHIR elements must have a @value or children {hasValue() or (children().count() > id.count())}
"
"ImplementationGuide.definition","ImplementationGuide.definition","","","",0,1,"","","","BackboneElement {[]} {[]}
","Information needed to build the IG","The information needed by an IG publisher tool to publish the whole implementation guide.","Principally, this consists of information abuot source resource and file locations, and build parameters and templates.","","","","","","","","",,,,,"",,,,"ImplementationGuide.definition",0,1,"","ele-1:All FHIR elements must have a @value or children {hasValue() or (children().count() > id.count())}
ig-1:If a resource has a groupingId, it must refer to a grouping defined in the Implementation Guide {resource.groupingId.all(%context.grouping.id contains $this)}"
"ImplementationGuide.definition.id","ImplementationGuide.definition.id","","","",0,1,"","","","string {[]} {[]}
","Unique id for inter-element referencing","Unique id for the element within a resource (for internal references). This may be any string value that does not contain spaces.","","","","","","","","","",,,,,"",,,,"Element.id",0,1,"","","n/a"
"ImplementationGuide.definition.extension","ImplementationGuide.definition.extension","","extensions
user content","",0,*,"","","","Extension {[]} {[]}
","Additional content defined by implementations","May be used to represent additional information that is not part of the basic definition of the element. To make the use of extensions safe and manageable, there is a strict set of governance  applied to the definition and use of extensions. Though any implementer can define an extension, there is a set of requirements that SHALL be met as part of the definition of the extension.","There can be no stigma associated with the use of extensions by any application, project, or standard - regardless of the institution or jurisdiction that uses or defines the extensions.  The use of extensions is what allows the FHIR specification to retain a core level of simplicity for everyone.","","","","","","","","",,,,,"",,,,"Element.extension",0,*,"","ele-1:All FHIR elements must have a @value or children {hasValue() or (children().count() > id.count())}
ext-1:Must have either extensions or value[x], not both {extension.exists() != value.exists()}","n/a"
"ImplementationGuide.definition.modifierExtension","ImplementationGuide.definition.modifierExtension","","extensions
user contentmodifiers","",0,*,"","Y","Y","Extension {[]} {[]}
","Extensions that cannot be ignored even if unrecognized","May be used to represent additional information that is not part of the basic definition of the element and that modifies the understanding of the element in which it is contained and/or the understanding of the containing element's descendants. Usually modifier elements provide negation or qualification. To make the use of extensions safe and manageable, there is a strict set of governance applied to the definition and use of extensions. Though any implementer can define an extension, there is a set of requirements that SHALL be met as part of the definition of the extension. Applications processing a resource are required to check for modifier extensions.

Modifier extensions SHALL NOT change the meaning of any elements on Resource or DomainResource (including cannot change the meaning of modifierExtension itself).","There can be no stigma associated with the use of extensions by any application, project, or standard - regardless of the institution or jurisdiction that uses or defines the extensions.  The use of extensions is what allows the FHIR specification to retain a core level of simplicity for everyone.","Modifier extensions allow for extensions that *cannot* be safely ignored to be clearly distinguished from the vast majority of extensions which can be safely ignored.  This promotes interoperability by eliminating the need for implementers to prohibit the presence of extensions. For further information, see the [definition of modifier extensions](http://hl7.org/fhir/R4/extensibility.html#modifierExtension).","","","","","","","",,,,,"",,,,"BackboneElement.modifierExtension",0,*,"","ele-1:All FHIR elements must have a @value or children {hasValue() or (children().count() > id.count())}
ext-1:Must have either extensions or value[x], not both {extension.exists() != value.exists()}","N/A"
"ImplementationGuide.definition.grouping","ImplementationGuide.definition.grouping","","","",0,*,"","","","BackboneElement {[]} {[]}
","Grouping used to present related resources in the IG","A logical group of resources. Logical groups can be used when building pages.","Groupings are arbitrary sub-divisions of content. Typically, they are used to help build Table of Contents automatically.","","","","","","","","",,,,,"",,,,"ImplementationGuide.definition.grouping",0,*,"","ele-1:All FHIR elements must have a @value or children {hasValue() or (children().count() > id.count())}
"
"ImplementationGuide.definition.grouping.id","ImplementationGuide.definition.grouping.id","","","",0,1,"","","","string {[]} {[]}
","Unique id for inter-element referencing","Unique id for the element within a resource (for internal references). This may be any string value that does not contain spaces.","","","","","","","","","",,,,,"",,,,"Element.id",0,1,"","","n/a"
"ImplementationGuide.definition.grouping.extension","ImplementationGuide.definition.grouping.extension","","extensions
user content","",0,*,"","","","Extension {[]} {[]}
","Additional content defined by implementations","May be used to represent additional information that is not part of the basic definition of the element. To make the use of extensions safe and manageable, there is a strict set of governance  applied to the definition and use of extensions. Though any implementer can define an extension, there is a set of requirements that SHALL be met as part of the definition of the extension.","There can be no stigma associated with the use of extensions by any application, project, or standard - regardless of the institution or jurisdiction that uses or defines the extensions.  The use of extensions is what allows the FHIR specification to retain a core level of simplicity for everyone.","","","","","","","","",,,,,"",,,,"Element.extension",0,*,"","ele-1:All FHIR elements must have a @value or children {hasValue() or (children().count() > id.count())}
ext-1:Must have either extensions or value[x], not both {extension.exists() != value.exists()}","n/a"
"ImplementationGuide.definition.grouping.modifierExtension","ImplementationGuide.definition.grouping.modifierExtension","","extensions
user contentmodifiers","",0,*,"","Y","Y","Extension {[]} {[]}
","Extensions that cannot be ignored even if unrecognized","May be used to represent additional information that is not part of the basic definition of the element and that modifies the understanding of the element in which it is contained and/or the understanding of the containing element's descendants. Usually modifier elements provide negation or qualification. To make the use of extensions safe and manageable, there is a strict set of governance applied to the definition and use of extensions. Though any implementer can define an extension, there is a set of requirements that SHALL be met as part of the definition of the extension. Applications processing a resource are required to check for modifier extensions.

Modifier extensions SHALL NOT change the meaning of any elements on Resource or DomainResource (including cannot change the meaning of modifierExtension itself).","There can be no stigma associated with the use of extensions by any application, project, or standard - regardless of the institution or jurisdiction that uses or defines the extensions.  The use of extensions is what allows the FHIR specification to retain a core level of simplicity for everyone.","Modifier extensions allow for extensions that *cannot* be safely ignored to be clearly distinguished from the vast majority of extensions which can be safely ignored.  This promotes interoperability by eliminating the need for implementers to prohibit the presence of extensions. For further information, see the [definition of modifier extensions](http://hl7.org/fhir/R4/extensibility.html#modifierExtension).","","","","","","","",,,,,"",,,,"BackboneElement.modifierExtension",0,*,"","ele-1:All FHIR elements must have a @value or children {hasValue() or (children().count() > id.count())}
ext-1:Must have either extensions or value[x], not both {extension.exists() != value.exists()}","N/A"
"ImplementationGuide.definition.grouping.name","ImplementationGuide.definition.grouping.name","","","",1,1,"","","","string {[]} {[]}
","Descriptive name for the package","The human-readable title to display for the package of resources when rendering the implementation guide.","","","","","","","","","",,,,,"",,,,"ImplementationGuide.definition.grouping.name",1,1,"","ele-1:All FHIR elements must have a @value or children {hasValue() or (children().count() > id.count())}
"
"ImplementationGuide.definition.grouping.description","ImplementationGuide.definition.grouping.description","","","",0,1,"","","","string {[]} {[]}
","Human readable text describing the package","Human readable text describing the package.","","","","","","","","","",,,,,"",,,,"ImplementationGuide.definition.grouping.description",0,1,"","ele-1:All FHIR elements must have a @value or children {hasValue() or (children().count() > id.count())}
"
"ImplementationGuide.definition.resource","ImplementationGuide.definition.resource","","","",1,*,"","","","BackboneElement {[]} {[]}
","Resource in the implementation guide","A resource that is part of the implementation guide. Conformance resources (value set, structure definition, capability statements etc.) are obvious candidates for inclusion, but any kind of resource can be included as an example resource.","","","","","","","","","",,,,,"",,,,"ImplementationGuide.definition.resource",1,*,"","ele-1:All FHIR elements must have a @value or children {hasValue() or (children().count() > id.count())}
"
"ImplementationGuide.definition.resource.id","ImplementationGuide.definition.resource.id","","","",0,1,"","","","string {[]} {[]}
","Unique id for inter-element referencing","Unique id for the element within a resource (for internal references). This may be any string value that does not contain spaces.","","","","","","","","","",,,,,"",,,,"Element.id",0,1,"","","n/a"
"ImplementationGuide.definition.resource.extension","ImplementationGuide.definition.resource.extension","","extensions
user content","",0,*,"","","","Extension {[]} {[]}
","Additional content defined by implementations","May be used to represent additional information that is not part of the basic definition of the element. To make the use of extensions safe and manageable, there is a strict set of governance  applied to the definition and use of extensions. Though any implementer can define an extension, there is a set of requirements that SHALL be met as part of the definition of the extension.","There can be no stigma associated with the use of extensions by any application, project, or standard - regardless of the institution or jurisdiction that uses or defines the extensions.  The use of extensions is what allows the FHIR specification to retain a core level of simplicity for everyone.","","","","","","","","",,,,,"",,,,"Element.extension",0,*,"","ele-1:All FHIR elements must have a @value or children {hasValue() or (children().count() > id.count())}
ext-1:Must have either extensions or value[x], not both {extension.exists() != value.exists()}","n/a"
"ImplementationGuide.definition.resource.modifierExtension","ImplementationGuide.definition.resource.modifierExtension","","extensions
user contentmodifiers","",0,*,"","Y","Y","Extension {[]} {[]}
","Extensions that cannot be ignored even if unrecognized","May be used to represent additional information that is not part of the basic definition of the element and that modifies the understanding of the element in which it is contained and/or the understanding of the containing element's descendants. Usually modifier elements provide negation or qualification. To make the use of extensions safe and manageable, there is a strict set of governance applied to the definition and use of extensions. Though any implementer can define an extension, there is a set of requirements that SHALL be met as part of the definition of the extension. Applications processing a resource are required to check for modifier extensions.

Modifier extensions SHALL NOT change the meaning of any elements on Resource or DomainResource (including cannot change the meaning of modifierExtension itself).","There can be no stigma associated with the use of extensions by any application, project, or standard - regardless of the institution or jurisdiction that uses or defines the extensions.  The use of extensions is what allows the FHIR specification to retain a core level of simplicity for everyone.","Modifier extensions allow for extensions that *cannot* be safely ignored to be clearly distinguished from the vast majority of extensions which can be safely ignored.  This promotes interoperability by eliminating the need for implementers to prohibit the presence of extensions. For further information, see the [definition of modifier extensions](http://hl7.org/fhir/R4/extensibility.html#modifierExtension).","","","","","","","",,,,,"",,,,"BackboneElement.modifierExtension",0,*,"","ele-1:All FHIR elements must have a @value or children {hasValue() or (children().count() > id.count())}
ext-1:Must have either extensions or value[x], not both {extension.exists() != value.exists()}","N/A"
"ImplementationGuide.definition.resource.reference","ImplementationGuide.definition.resource.reference","","","",1,1,"","","","Reference {[]} {[CanonicalType[http://hl7.org/fhir/StructureDefinition/Resource]]}
","Location of the resource","Where this resource is found.","Usually this is a relative URL that locates the resource within the implementation guide. If you authoring an implementation guide, and will publish it using the FHIR publication tooling, use a URI that may point to a resource, or to one of various alternative representations (e.g. spreadsheet). The tooling will convert this when it publishes it.","","","","","","","","",,,,,"",,,,"ImplementationGuide.definition.resource.reference",1,1,"","ele-1:All FHIR elements must have a @value or children {hasValue() or (children().count() > id.count())}
"
"ImplementationGuide.definition.resource.fhirVersion","ImplementationGuide.definition.resource.fhirVersion","","","",0,*,"","","","code {[]} {[]}
","Versions this applies to (if different to IG)","Indicates the FHIR Version(s) this artifact is intended to apply to. If no versions are specified, the resource is assumed to apply to all the versions stated in ImplementationGuide.fhirVersion.","The resource SHALL be valid against all the versions it is specified to apply to. If the resource referred to is a StructureDefinition, the fhirVersion stated in the StructureDefinition cannot disagree with the version specified here; the specified versions SHALL include the version specified by the StructureDefinition, and may include additional versions using the [applicable-version](http://hl7.org/fhir/R4/extension-structuredefinition-applicable-version.html) extension.","","","","","","","","",,"required","All published FHIR Versions.","http://hl7.org/fhir/ValueSet/FHIR-version|4.0.1","",,,,"ImplementationGuide.definition.resource.fhirVersion",0,*,"","ele-1:All FHIR elements must have a @value or children {hasValue() or (children().count() > id.count())}
"
"ImplementationGuide.definition.resource.name","ImplementationGuide.definition.resource.name","","","",0,1,"","","","string {[]} {[]}
","Human Name for the resource","A human assigned name for the resource. All resources SHOULD have a name, but the name may be extracted from the resource (e.g. ValueSet.name).","","","","","","","","","",,,,,"",,,,"ImplementationGuide.definition.resource.name",0,1,"","ele-1:All FHIR elements must have a @value or children {hasValue() or (children().count() > id.count())}
"
"ImplementationGuide.definition.resource.description","ImplementationGuide.definition.resource.description","","","",0,1,"","","","string {[]} {[]}
","Reason why included in guide","A description of the reason that a resource has been included in the implementation guide.","This is mostly used with examples to explain why it is present (though they can have extensive comments in the examples).","","","","","","","","",,,,,"",,,,"ImplementationGuide.definition.resource.description",0,1,"","ele-1:All FHIR elements must have a @value or children {hasValue() or (children().count() > id.count())}
"
"ImplementationGuide.definition.resource.example[x]","ImplementationGuide.definition.resource.example[x]","","","",0,1,"","","","boolean {[]} {[]}
canonical {[]} {[CanonicalType[http://hl7.org/fhir/StructureDefinition/StructureDefinition]]}","Is an example/What is this an example of?","If true or a reference, indicates the resource is an example instance.  If a reference is present, indicates that the example is an example of the specified profile.","Examples: 

* StructureDefinition -> Any 
* ValueSet -> expansion 
* OperationDefinition -> Parameters 
* Questionnaire -> QuestionnaireResponse.","","","","","","","","",,,,,"",,,,"ImplementationGuide.definition.resource.example[x]",0,1,"","ele-1:All FHIR elements must have a @value or children {hasValue() or (children().count() > id.count())}
"
"ImplementationGuide.definition.resource.groupingId","ImplementationGuide.definition.resource.groupingId","","","",0,1,"","","","id {[]} {[]}
","Grouping this is part of","Reference to the id of the grouping this resource appears in.","This must correspond to a package.id element within this implementation guide.","","","","","","","","",,,,,"",,,,"ImplementationGuide.definition.resource.groupingId",0,1,"","ele-1:All FHIR elements must have a @value or children {hasValue() or (children().count() > id.count())}
"
"ImplementationGuide.definition.page","ImplementationGuide.definition.page","","","",0,1,"","","","BackboneElement {[]} {[]}
","Page/Section in the Guide","A page / section in the implementation guide. The root page is the implementation guide home page.","Pages automatically become sections if they have sub-pages. By convention, the home page is called index.html.","","","","","","","","",,,,,"",,,,"ImplementationGuide.definition.page",0,1,"","ele-1:All FHIR elements must have a @value or children {hasValue() or (children().count() > id.count())}
"
"ImplementationGuide.definition.page.id","ImplementationGuide.definition.page.id","","","",0,1,"","","","string {[]} {[]}
","Unique id for inter-element referencing","Unique id for the element within a resource (for internal references). This may be any string value that does not contain spaces.","","","","","","","","","",,,,,"",,,,"Element.id",0,1,"","","n/a"
"ImplementationGuide.definition.page.extension","ImplementationGuide.definition.page.extension","","extensions
user content","",0,*,"","","","Extension {[]} {[]}
","Additional content defined by implementations","May be used to represent additional information that is not part of the basic definition of the element. To make the use of extensions safe and manageable, there is a strict set of governance  applied to the definition and use of extensions. Though any implementer can define an extension, there is a set of requirements that SHALL be met as part of the definition of the extension.","There can be no stigma associated with the use of extensions by any application, project, or standard - regardless of the institution or jurisdiction that uses or defines the extensions.  The use of extensions is what allows the FHIR specification to retain a core level of simplicity for everyone.","","","","","","","","",,,,,"",,,,"Element.extension",0,*,"","ele-1:All FHIR elements must have a @value or children {hasValue() or (children().count() > id.count())}
ext-1:Must have either extensions or value[x], not both {extension.exists() != value.exists()}","n/a"
"ImplementationGuide.definition.page.modifierExtension","ImplementationGuide.definition.page.modifierExtension","","extensions
user contentmodifiers","",0,*,"","Y","Y","Extension {[]} {[]}
","Extensions that cannot be ignored even if unrecognized","May be used to represent additional information that is not part of the basic definition of the element and that modifies the understanding of the element in which it is contained and/or the understanding of the containing element's descendants. Usually modifier elements provide negation or qualification. To make the use of extensions safe and manageable, there is a strict set of governance applied to the definition and use of extensions. Though any implementer can define an extension, there is a set of requirements that SHALL be met as part of the definition of the extension. Applications processing a resource are required to check for modifier extensions.

Modifier extensions SHALL NOT change the meaning of any elements on Resource or DomainResource (including cannot change the meaning of modifierExtension itself).","There can be no stigma associated with the use of extensions by any application, project, or standard - regardless of the institution or jurisdiction that uses or defines the extensions.  The use of extensions is what allows the FHIR specification to retain a core level of simplicity for everyone.","Modifier extensions allow for extensions that *cannot* be safely ignored to be clearly distinguished from the vast majority of extensions which can be safely ignored.  This promotes interoperability by eliminating the need for implementers to prohibit the presence of extensions. For further information, see the [definition of modifier extensions](http://hl7.org/fhir/R4/extensibility.html#modifierExtension).","","","","","","","",,,,,"",,,,"BackboneElement.modifierExtension",0,*,"","ele-1:All FHIR elements must have a @value or children {hasValue() or (children().count() > id.count())}
ext-1:Must have either extensions or value[x], not both {extension.exists() != value.exists()}","N/A"
"ImplementationGuide.definition.page.name[x]","ImplementationGuide.definition.page.name[x]","","","",1,1,"","","","url {[]} {[]}
Reference {[]} {[CanonicalType[http://hl7.org/fhir/StructureDefinition/Binary]]}","Where to find that page","The source address for the page.","The publishing tool will autogenerate source for list (source = n/a) and inject included implementations for include (source = uri of guide to include).","","","","","","","","",,,,,"",,,,"ImplementationGuide.definition.page.name[x]",1,1,"","ele-1:All FHIR elements must have a @value or children {hasValue() or (children().count() > id.count())}
"
"ImplementationGuide.definition.page.title","ImplementationGuide.definition.page.title","","","",1,1,"","","","string {[]} {[]}
","Short title shown for navigational assistance","A short title used to represent this page in navigational structures such as table of contents, bread crumbs, etc.","","","","","","","","","",,,,,"",,,,"ImplementationGuide.definition.page.title",1,1,"","ele-1:All FHIR elements must have a @value or children {hasValue() or (children().count() > id.count())}
"
"ImplementationGuide.definition.page.generation","ImplementationGuide.definition.page.generation","","","",1,1,"","","","code {[]} {[]}
","html | markdown | xml | generated","A code that indicates how the page is generated.","","","","","","","","","",,"required","A code that indicates how the page is generated.","http://hl7.org/fhir/ValueSet/guide-page-generation|4.0.1","",,,,"ImplementationGuide.definition.page.generation",1,1,"","ele-1:All FHIR elements must have a @value or children {hasValue() or (children().count() > id.count())}
"
"ImplementationGuide.definition.page.page","ImplementationGuide.definition.page.page","","","",0,*,"","","","null {[]} {[]}
","Nested Pages / Sections","Nested Pages/Sections under this page.","The implementation guide breadcrumbs are generated from this structure.","","","","","","","","",,,,,"",,,,"ImplementationGuide.definition.page.page",0,*,"","ele-1:All FHIR elements must have a @value or children {hasValue() or (children().count() > id.count())}
"
"ImplementationGuide.definition.parameter","ImplementationGuide.definition.parameter","","","",0,*,"","","","BackboneElement {[]} {[]}
","Defines how IG is built by tools","Defines how IG is built by tools.","","","","","","","","","",,,,,"",,,,"ImplementationGuide.definition.parameter",0,*,"","ele-1:All FHIR elements must have a @value or children {hasValue() or (children().count() > id.count())}
"
"ImplementationGuide.definition.parameter.id","ImplementationGuide.definition.parameter.id","","","",0,1,"","","","string {[]} {[]}
","Unique id for inter-element referencing","Unique id for the element within a resource (for internal references). This may be any string value that does not contain spaces.","","","","","","","","","",,,,,"",,,,"Element.id",0,1,"","","n/a"
"ImplementationGuide.definition.parameter.extension","ImplementationGuide.definition.parameter.extension","","extensions
user content","",0,*,"","","","Extension {[]} {[]}
","Additional content defined by implementations","May be used to represent additional information that is not part of the basic definition of the element. To make the use of extensions safe and manageable, there is a strict set of governance  applied to the definition and use of extensions. Though any implementer can define an extension, there is a set of requirements that SHALL be met as part of the definition of the extension.","There can be no stigma associated with the use of extensions by any application, project, or standard - regardless of the institution or jurisdiction that uses or defines the extensions.  The use of extensions is what allows the FHIR specification to retain a core level of simplicity for everyone.","","","","","","","","",,,,,"",,,,"Element.extension",0,*,"","ele-1:All FHIR elements must have a @value or children {hasValue() or (children().count() > id.count())}
ext-1:Must have either extensions or value[x], not both {extension.exists() != value.exists()}","n/a"
"ImplementationGuide.definition.parameter.modifierExtension","ImplementationGuide.definition.parameter.modifierExtension","","extensions
user contentmodifiers","",0,*,"","Y","Y","Extension {[]} {[]}
","Extensions that cannot be ignored even if unrecognized","May be used to represent additional information that is not part of the basic definition of the element and that modifies the understanding of the element in which it is contained and/or the understanding of the containing element's descendants. Usually modifier elements provide negation or qualification. To make the use of extensions safe and manageable, there is a strict set of governance applied to the definition and use of extensions. Though any implementer can define an extension, there is a set of requirements that SHALL be met as part of the definition of the extension. Applications processing a resource are required to check for modifier extensions.

Modifier extensions SHALL NOT change the meaning of any elements on Resource or DomainResource (including cannot change the meaning of modifierExtension itself).","There can be no stigma associated with the use of extensions by any application, project, or standard - regardless of the institution or jurisdiction that uses or defines the extensions.  The use of extensions is what allows the FHIR specification to retain a core level of simplicity for everyone.","Modifier extensions allow for extensions that *cannot* be safely ignored to be clearly distinguished from the vast majority of extensions which can be safely ignored.  This promotes interoperability by eliminating the need for implementers to prohibit the presence of extensions. For further information, see the [definition of modifier extensions](http://hl7.org/fhir/R4/extensibility.html#modifierExtension).","","","","","","","",,,,,"",,,,"BackboneElement.modifierExtension",0,*,"","ele-1:All FHIR elements must have a @value or children {hasValue() or (children().count() > id.count())}
ext-1:Must have either extensions or value[x], not both {extension.exists() != value.exists()}","N/A"
"ImplementationGuide.definition.parameter.code","ImplementationGuide.definition.parameter.code","","","",1,1,"","","","code {[]} {[]}
","apply | path-resource | path-pages | path-tx-cache | expansion-parameter | rule-broken-links | generate-xml | generate-json | generate-turtle | html-template","apply | path-resource | path-pages | path-tx-cache | expansion-parameter | rule-broken-links | generate-xml | generate-json | generate-turtle | html-template.","","","","","","","","","",,"required","Code of parameter that is input to the guide.","http://hl7.org/fhir/ValueSet/guide-parameter-code|4.0.1","",,,,"ImplementationGuide.definition.parameter.code",1,1,"","ele-1:All FHIR elements must have a @value or children {hasValue() or (children().count() > id.count())}
"
"ImplementationGuide.definition.parameter.value","ImplementationGuide.definition.parameter.value","","","",1,1,"","","","string {[]} {[]}
","Value for named type","Value for named type.","","","","","","","","","",,,,,"",,,,"ImplementationGuide.definition.parameter.value",1,1,"","ele-1:All FHIR elements must have a @value or children {hasValue() or (children().count() > id.count())}
"
"ImplementationGuide.definition.template","ImplementationGuide.definition.template","","","",0,*,"","","","BackboneElement {[]} {[]}
","A template for building resources","A template for building resources.","","","","","","","","","",,,,,"",,,,"ImplementationGuide.definition.template",0,*,"","ele-1:All FHIR elements must have a @value or children {hasValue() or (children().count() > id.count())}
"
"ImplementationGuide.definition.template.id","ImplementationGuide.definition.template.id","","","",0,1,"","","","string {[]} {[]}
","Unique id for inter-element referencing","Unique id for the element within a resource (for internal references). This may be any string value that does not contain spaces.","","","","","","","","","",,,,,"",,,,"Element.id",0,1,"","","n/a"
"ImplementationGuide.definition.template.extension","ImplementationGuide.definition.template.extension","","extensions
user content","",0,*,"","","","Extension {[]} {[]}
","Additional content defined by implementations","May be used to represent additional information that is not part of the basic definition of the element. To make the use of extensions safe and manageable, there is a strict set of governance  applied to the definition and use of extensions. Though any implementer can define an extension, there is a set of requirements that SHALL be met as part of the definition of the extension.","There can be no stigma associated with the use of extensions by any application, project, or standard - regardless of the institution or jurisdiction that uses or defines the extensions.  The use of extensions is what allows the FHIR specification to retain a core level of simplicity for everyone.","","","","","","","","",,,,,"",,,,"Element.extension",0,*,"","ele-1:All FHIR elements must have a @value or children {hasValue() or (children().count() > id.count())}
ext-1:Must have either extensions or value[x], not both {extension.exists() != value.exists()}","n/a"
"ImplementationGuide.definition.template.modifierExtension","ImplementationGuide.definition.template.modifierExtension","","extensions
user contentmodifiers","",0,*,"","Y","Y","Extension {[]} {[]}
","Extensions that cannot be ignored even if unrecognized","May be used to represent additional information that is not part of the basic definition of the element and that modifies the understanding of the element in which it is contained and/or the understanding of the containing element's descendants. Usually modifier elements provide negation or qualification. To make the use of extensions safe and manageable, there is a strict set of governance applied to the definition and use of extensions. Though any implementer can define an extension, there is a set of requirements that SHALL be met as part of the definition of the extension. Applications processing a resource are required to check for modifier extensions.

Modifier extensions SHALL NOT change the meaning of any elements on Resource or DomainResource (including cannot change the meaning of modifierExtension itself).","There can be no stigma associated with the use of extensions by any application, project, or standard - regardless of the institution or jurisdiction that uses or defines the extensions.  The use of extensions is what allows the FHIR specification to retain a core level of simplicity for everyone.","Modifier extensions allow for extensions that *cannot* be safely ignored to be clearly distinguished from the vast majority of extensions which can be safely ignored.  This promotes interoperability by eliminating the need for implementers to prohibit the presence of extensions. For further information, see the [definition of modifier extensions](http://hl7.org/fhir/R4/extensibility.html#modifierExtension).","","","","","","","",,,,,"",,,,"BackboneElement.modifierExtension",0,*,"","ele-1:All FHIR elements must have a @value or children {hasValue() or (children().count() > id.count())}
ext-1:Must have either extensions or value[x], not both {extension.exists() != value.exists()}","N/A"
"ImplementationGuide.definition.template.code","ImplementationGuide.definition.template.code","","","",1,1,"","","","code {[]} {[]}
","Type of template specified","Type of template specified.","","","","","","","","","",,,,,"",,,,"ImplementationGuide.definition.template.code",1,1,"","ele-1:All FHIR elements must have a @value or children {hasValue() or (children().count() > id.count())}
"
"ImplementationGuide.definition.template.source","ImplementationGuide.definition.template.source","","","",1,1,"","","","string {[]} {[]}
","The source location for the template","The source location for the template.","","","","","","","","","",,,,,"",,,,"ImplementationGuide.definition.template.source",1,1,"","ele-1:All FHIR elements must have a @value or children {hasValue() or (children().count() > id.count())}
"
"ImplementationGuide.definition.template.scope","ImplementationGuide.definition.template.scope","","","",0,1,"","","","string {[]} {[]}
","The scope in which the template applies","The scope in which the template applies.","","","","","","","","","",,,,,"",,,,"ImplementationGuide.definition.template.scope",0,1,"","ele-1:All FHIR elements must have a @value or children {hasValue() or (children().count() > id.count())}
"
"ImplementationGuide.manifest","ImplementationGuide.manifest","","","",0,1,"","","","BackboneElement {[]} {[]}
","Information about an assembled IG","Information about an assembled implementation guide, created by the publication tooling.","","","","","","","","","",,,,,"",,,,"ImplementationGuide.manifest",0,1,"","ele-1:All FHIR elements must have a @value or children {hasValue() or (children().count() > id.count())}
"
"ImplementationGuide.manifest.id","ImplementationGuide.manifest.id","","","",0,1,"","","","string {[]} {[]}
","Unique id for inter-element referencing","Unique id for the element within a resource (for internal references). This may be any string value that does not contain spaces.","","","","","","","","","",,,,,"",,,,"Element.id",0,1,"","","n/a"
"ImplementationGuide.manifest.extension","ImplementationGuide.manifest.extension","","extensions
user content","",0,*,"","","","Extension {[]} {[]}
","Additional content defined by implementations","May be used to represent additional information that is not part of the basic definition of the element. To make the use of extensions safe and manageable, there is a strict set of governance  applied to the definition and use of extensions. Though any implementer can define an extension, there is a set of requirements that SHALL be met as part of the definition of the extension.","There can be no stigma associated with the use of extensions by any application, project, or standard - regardless of the institution or jurisdiction that uses or defines the extensions.  The use of extensions is what allows the FHIR specification to retain a core level of simplicity for everyone.","","","","","","","","",,,,,"",,,,"Element.extension",0,*,"","ele-1:All FHIR elements must have a @value or children {hasValue() or (children().count() > id.count())}
ext-1:Must have either extensions or value[x], not both {extension.exists() != value.exists()}","n/a"
"ImplementationGuide.manifest.modifierExtension","ImplementationGuide.manifest.modifierExtension","","extensions
user contentmodifiers","",0,*,"","Y","Y","Extension {[]} {[]}
","Extensions that cannot be ignored even if unrecognized","May be used to represent additional information that is not part of the basic definition of the element and that modifies the understanding of the element in which it is contained and/or the understanding of the containing element's descendants. Usually modifier elements provide negation or qualification. To make the use of extensions safe and manageable, there is a strict set of governance applied to the definition and use of extensions. Though any implementer can define an extension, there is a set of requirements that SHALL be met as part of the definition of the extension. Applications processing a resource are required to check for modifier extensions.

Modifier extensions SHALL NOT change the meaning of any elements on Resource or DomainResource (including cannot change the meaning of modifierExtension itself).","There can be no stigma associated with the use of extensions by any application, project, or standard - regardless of the institution or jurisdiction that uses or defines the extensions.  The use of extensions is what allows the FHIR specification to retain a core level of simplicity for everyone.","Modifier extensions allow for extensions that *cannot* be safely ignored to be clearly distinguished from the vast majority of extensions which can be safely ignored.  This promotes interoperability by eliminating the need for implementers to prohibit the presence of extensions. For further information, see the [definition of modifier extensions](http://hl7.org/fhir/R4/extensibility.html#modifierExtension).","","","","","","","",,,,,"",,,,"BackboneElement.modifierExtension",0,*,"","ele-1:All FHIR elements must have a @value or children {hasValue() or (children().count() > id.count())}
ext-1:Must have either extensions or value[x], not both {extension.exists() != value.exists()}","N/A"
"ImplementationGuide.manifest.rendering","ImplementationGuide.manifest.rendering","","","",0,1,"","","Y","url {[]} {[]}
","Location of rendered implementation guide","A pointer to official web page, PDF or other rendering of the implementation guide.","","","","","","","","","",,,,,"",,,,"ImplementationGuide.manifest.rendering",0,1,"","ele-1:All FHIR elements must have a @value or children {hasValue() or (children().count() > id.count())}
"
"ImplementationGuide.manifest.resource","ImplementationGuide.manifest.resource","","","",1,*,"","","Y","BackboneElement {[]} {[]}
","Resource in the implementation guide","A resource that is part of the implementation guide. Conformance resources (value set, structure definition, capability statements etc.) are obvious candidates for inclusion, but any kind of resource can be included as an example resource.","","","","","","","","","",,,,,"",,,,"ImplementationGuide.manifest.resource",1,*,"","ele-1:All FHIR elements must have a @value or children {hasValue() or (children().count() > id.count())}
"
"ImplementationGuide.manifest.resource.id","ImplementationGuide.manifest.resource.id","","","",0,1,"","","","string {[]} {[]}
","Unique id for inter-element referencing","Unique id for the element within a resource (for internal references). This may be any string value that does not contain spaces.","","","","","","","","","",,,,,"",,,,"Element.id",0,1,"","","n/a"
"ImplementationGuide.manifest.resource.extension","ImplementationGuide.manifest.resource.extension","","extensions
user content","",0,*,"","","","Extension {[]} {[]}
","Additional content defined by implementations","May be used to represent additional information that is not part of the basic definition of the element. To make the use of extensions safe and manageable, there is a strict set of governance  applied to the definition and use of extensions. Though any implementer can define an extension, there is a set of requirements that SHALL be met as part of the definition of the extension.","There can be no stigma associated with the use of extensions by any application, project, or standard - regardless of the institution or jurisdiction that uses or defines the extensions.  The use of extensions is what allows the FHIR specification to retain a core level of simplicity for everyone.","","","","","","","","",,,,,"",,,,"Element.extension",0,*,"","ele-1:All FHIR elements must have a @value or children {hasValue() or (children().count() > id.count())}
ext-1:Must have either extensions or value[x], not both {extension.exists() != value.exists()}","n/a"
"ImplementationGuide.manifest.resource.modifierExtension","ImplementationGuide.manifest.resource.modifierExtension","","extensions
user contentmodifiers","",0,*,"","Y","Y","Extension {[]} {[]}
","Extensions that cannot be ignored even if unrecognized","May be used to represent additional information that is not part of the basic definition of the element and that modifies the understanding of the element in which it is contained and/or the understanding of the containing element's descendants. Usually modifier elements provide negation or qualification. To make the use of extensions safe and manageable, there is a strict set of governance applied to the definition and use of extensions. Though any implementer can define an extension, there is a set of requirements that SHALL be met as part of the definition of the extension. Applications processing a resource are required to check for modifier extensions.

Modifier extensions SHALL NOT change the meaning of any elements on Resource or DomainResource (including cannot change the meaning of modifierExtension itself).","There can be no stigma associated with the use of extensions by any application, project, or standard - regardless of the institution or jurisdiction that uses or defines the extensions.  The use of extensions is what allows the FHIR specification to retain a core level of simplicity for everyone.","Modifier extensions allow for extensions that *cannot* be safely ignored to be clearly distinguished from the vast majority of extensions which can be safely ignored.  This promotes interoperability by eliminating the need for implementers to prohibit the presence of extensions. For further information, see the [definition of modifier extensions](http://hl7.org/fhir/R4/extensibility.html#modifierExtension).","","","","","","","",,,,,"",,,,"BackboneElement.modifierExtension",0,*,"","ele-1:All FHIR elements must have a @value or children {hasValue() or (children().count() > id.count())}
ext-1:Must have either extensions or value[x], not both {extension.exists() != value.exists()}","N/A"
"ImplementationGuide.manifest.resource.reference","ImplementationGuide.manifest.resource.reference","","","",1,1,"","","Y","Reference {[]} {[CanonicalType[http://hl7.org/fhir/StructureDefinition/Resource]]}
","Location of the resource","Where this resource is found.","Usually this is a relative URL that locates the resource within the implementation guide. If you authoring an implementation guide, and will publish it using the FHIR publication tooling, use a URI that may point to a resource, or to one of various alternative representations (e.g. spreadsheet). The tooling will convert this when it publishes it.","","","","","","","","",,,,,"",,,,"ImplementationGuide.manifest.resource.reference",1,1,"","ele-1:All FHIR elements must have a @value or children {hasValue() or (children().count() > id.count())}
"
"ImplementationGuide.manifest.resource.example[x]","ImplementationGuide.manifest.resource.example[x]","","","",0,1,"","","","boolean {[]} {[]}
canonical {[]} {[CanonicalType[http://hl7.org/fhir/StructureDefinition/StructureDefinition]]}","Is an example/What is this an example of?","If true or a reference, indicates the resource is an example instance.  If a reference is present, indicates that the example is an example of the specified profile.","Typically, conformance resources and knowledge resources are directly part of the implementation guide, with their normal meaning, and patient linked resources are usually examples. However this is not always true.","","","","","","","","",,,,,"",,,,"ImplementationGuide.manifest.resource.example[x]",0,1,"","ele-1:All FHIR elements must have a @value or children {hasValue() or (children().count() > id.count())}
"
"ImplementationGuide.manifest.resource.relativePath","ImplementationGuide.manifest.resource.relativePath","","","",0,1,"","","","url {[]} {[]}
","Relative path for page in IG","The relative path for primary page for this resource within the IG.","Appending 'rendering' + ""/"" + this should resolve to the resource page.","","","","","","","","",,,,,"",,,,"ImplementationGuide.manifest.resource.relativePath",0,1,"","ele-1:All FHIR elements must have a @value or children {hasValue() or (children().count() > id.count())}
"
"ImplementationGuide.manifest.page","ImplementationGuide.manifest.page","","","",0,*,"","","","BackboneElement {[]} {[]}
","HTML page within the parent IG","Information about a page within the IG.","","Allows validation of hyperlinks from a derived IG to this IG without a local copy of the IG.","","","","","","","",,,,,"",,,,"ImplementationGuide.manifest.page",0,*,"","ele-1:All FHIR elements must have a @value or children {hasValue() or (children().count() > id.count())}
"
"ImplementationGuide.manifest.page.id","ImplementationGuide.manifest.page.id","","","",0,1,"","","","string {[]} {[]}
","Unique id for inter-element referencing","Unique id for the element within a resource (for internal references). This may be any string value that does not contain spaces.","","","","","","","","","",,,,,"",,,,"Element.id",0,1,"","","n/a"
"ImplementationGuide.manifest.page.extension","ImplementationGuide.manifest.page.extension","","extensions
user content","",0,*,"","","","Extension {[]} {[]}
","Additional content defined by implementations","May be used to represent additional information that is not part of the basic definition of the element. To make the use of extensions safe and manageable, there is a strict set of governance  applied to the definition and use of extensions. Though any implementer can define an extension, there is a set of requirements that SHALL be met as part of the definition of the extension.","There can be no stigma associated with the use of extensions by any application, project, or standard - regardless of the institution or jurisdiction that uses or defines the extensions.  The use of extensions is what allows the FHIR specification to retain a core level of simplicity for everyone.","","","","","","","","",,,,,"",,,,"Element.extension",0,*,"","ele-1:All FHIR elements must have a @value or children {hasValue() or (children().count() > id.count())}
ext-1:Must have either extensions or value[x], not both {extension.exists() != value.exists()}","n/a"
"ImplementationGuide.manifest.page.modifierExtension","ImplementationGuide.manifest.page.modifierExtension","","extensions
user contentmodifiers","",0,*,"","Y","Y","Extension {[]} {[]}
","Extensions that cannot be ignored even if unrecognized","May be used to represent additional information that is not part of the basic definition of the element and that modifies the understanding of the element in which it is contained and/or the understanding of the containing element's descendants. Usually modifier elements provide negation or qualification. To make the use of extensions safe and manageable, there is a strict set of governance applied to the definition and use of extensions. Though any implementer can define an extension, there is a set of requirements that SHALL be met as part of the definition of the extension. Applications processing a resource are required to check for modifier extensions.

Modifier extensions SHALL NOT change the meaning of any elements on Resource or DomainResource (including cannot change the meaning of modifierExtension itself).","There can be no stigma associated with the use of extensions by any application, project, or standard - regardless of the institution or jurisdiction that uses or defines the extensions.  The use of extensions is what allows the FHIR specification to retain a core level of simplicity for everyone.","Modifier extensions allow for extensions that *cannot* be safely ignored to be clearly distinguished from the vast majority of extensions which can be safely ignored.  This promotes interoperability by eliminating the need for implementers to prohibit the presence of extensions. For further information, see the [definition of modifier extensions](http://hl7.org/fhir/R4/extensibility.html#modifierExtension).","","","","","","","",,,,,"",,,,"BackboneElement.modifierExtension",0,*,"","ele-1:All FHIR elements must have a @value or children {hasValue() or (children().count() > id.count())}
ext-1:Must have either extensions or value[x], not both {extension.exists() != value.exists()}","N/A"
"ImplementationGuide.manifest.page.name","ImplementationGuide.manifest.page.name","","","",1,1,"","","","string {[]} {[]}
","HTML page name","Relative path to the page.","Appending 'rendering' + ""/"" + this should resolve to the page.","","","","","","","","",,,,,"",,,,"ImplementationGuide.manifest.page.name",1,1,"","ele-1:All FHIR elements must have a @value or children {hasValue() or (children().count() > id.count())}
"
"ImplementationGuide.manifest.page.title","ImplementationGuide.manifest.page.title","","","",0,1,"","","","string {[]} {[]}
","Title of the page, for references","Label for the page intended for human display.","","Allows generation of labels for markdown-generated hyperlinks.","","","","","","","",,,,,"",,,,"ImplementationGuide.manifest.page.title",0,1,"","ele-1:All FHIR elements must have a @value or children {hasValue() or (children().count() > id.count())}
"
"ImplementationGuide.manifest.page.anchor","ImplementationGuide.manifest.page.anchor","","","",0,*,"","","","string {[]} {[]}
","Anchor available on the page","The name of an anchor available on the page.","Appending 'rendering' + ""/"" + page.name + ""#"" + page.anchor should resolve to the anchor.","Allows validation of hyperlinks from a derived IG to this IG without a local copy of the IG.","","","","","","","",,,,,"",,,,"ImplementationGuide.manifest.page.anchor",0,*,"","ele-1:All FHIR elements must have a @value or children {hasValue() or (children().count() > id.count())}
"
"ImplementationGuide.manifest.image","ImplementationGuide.manifest.image","","","",0,*,"","","","string {[]} {[]}
","Image within the IG","Indicates a relative path to an image that exists within the IG.","","Allows validation of image links from a derived IG to this IG without a local copy of the IG.","","","","","","","",,,,,"",,,,"ImplementationGuide.manifest.image",0,*,"","ele-1:All FHIR elements must have a @value or children {hasValue() or (children().count() > id.count())}
"
"ImplementationGuide.manifest.other","ImplementationGuide.manifest.other","","","",0,*,"","","","string {[]} {[]}
","Additional linkable file in IG","Indicates the relative path of an additional non-page, non-image file that is part of the IG - e.g. zip, jar and similar files that could be the target of a hyperlink in a derived IG.","","Allows validation of links from a derived IG to this IG without a local copy of the IG.","","","","","","","",,,,,"",,,,"ImplementationGuide.manifest.other",0,*,"","ele-1:All FHIR elements must have a @value or children {hasValue() or (children().count() > id.count())}
"
