<?xml version="1.0" encoding="UTF-8"?>

<ValueSet xmlns="http://hl7.org/fhir">
  <id value="IMMZ-D1.DE87"/>
  <text>
    <status value="generated"/><div xmlns="http://www.w3.org/1999/xhtml">Placeholder</div>
  </text>
  <url value="http://worldhealthorganization.github.io/smart-immunizations-mini/ValueSet/IMMZ-D1.DE87"/>
  <version value="0.1.0"/>
  <name value="IMMZ_D1_DE87"/>
  <title value="IMMZ-D1.DE87 ValueSet for TB infection test result"/>
  <status value="active"/>
  <date value="2023-09-20T16:48:16+00:00"/>
  <publisher value="WHO"/>
  <contact>
    <name value="WHO"/>
    <telecom>
      <system value="url"/>
      <value value="http://who.int"/>
    </telecom>
  </contact>
  <description value="ValueSet for TB infection test result for IMMZ-D1.DE87."/>
  <compose>
    <include>
      <system value="http://worldhealthorganization.github.io/smart-immunizations-mini/CodeSystem/IMMZ-D1"/>
      <concept>
        <code value="DE88"/>
        <display value="Positive"/>
      </concept>
      <concept>
        <code value="DE89"/>
        <display value="Negative"/>
      </concept>
    </include>
  </compose>
</ValueSet>