<?xml version="1.0" encoding="UTF-8"?>

<ValueSet xmlns="http://hl7.org/fhir">
  <id value="IMMZ-D1.DE35"/>
  <text>
    <status value="generated"/><div xmlns="http://www.w3.org/1999/xhtml">Placeholder</div>
  </text>
  <url value="http://worldhealthorganization.github.io/smart-immunizations-mini/ValueSet/IMMZ-D1.DE35"/>
  <version value="0.1.0"/>
  <name value="IMMZ_D1_DE35"/>
  <title value="IMMZ-D1.DE35 ValueSet for Type of polio dose"/>
  <status value="active"/>
  <date value="2023-09-20T16:48:16+00:00"/>
  <publisher value="WHO"/>
  <contact>
    <name value="WHO"/>
    <telecom>
      <system value="url"/>
      <value value="http://who.int"/>
    </telecom>
  </contact>
  <description value="ValueSet for Type of polio dose for IMMZ-D1.DE35."/>
  <compose>
    <include>
      <system value="http://worldhealthorganization.github.io/smart-immunizations-mini/CodeSystem/IMMZ-D1"/>
      <concept>
        <code value="DE36"/>
        <display value="IPV"/>
      </concept>
      <concept>
        <code value="DE37"/>
        <display value="bOPV"/>
      </concept>
    </include>
  </compose>
</ValueSet>