{"resourceType":"ConceptMap","id":"IMMZ-C-SexToAdministrativeGender","text":{"status":"extensions","div":"<div xmlns=\"http://www.w3.org/1999/xhtml\"><p>Mapping from (not specified) to (not specified)</p><p>ACTIVE. Published on 2023-08-09 by WHO (WHO: <a href=\"http://who.int\">http://who.int</a>). </p><div><p>Mapping to and from IMMZ.C sex coding to FHIR Administrative Gender.</p>\n</div><br/><p><b>Group 1</b>Mapping from <a href=\"CodeSystem-IMMZ-C.html\">IMMZ-C CodeSystem for Data Elements</a> to <a href=\"http://hl7.org/fhir/R4/codesystem-administrative-gender.html\">AdministrativeGender</a></p><table class=\"grid\"><tr><td><b>Source Code</b></td><td><b>Relationship</b></td><td><b>Target Code</b></td></tr><tr><td>DE6 (Male)</td><td><a href=\"http://hl7.org/fhir/R4/codesystem-concept-map-equivalence.html#equivalent\" title=\"equivalent\">is equivalent to</a></td><td>male</td></tr><tr><td>DE7 (Female)</td><td><a href=\"http://hl7.org/fhir/R4/codesystem-concept-map-equivalence.html#equivalent\" title=\"equivalent\">is equivalent to</a></td><td>female</td></tr><tr><td>DE8 (Biological sex not specified)</td><td><a href=\"http://hl7.org/fhir/R4/codesystem-concept-map-equivalence.html#equivalent\" title=\"equivalent\">is equivalent to</a></td><td>unknown</td></tr><tr><td>DE9 (Intersex)</td><td><a href=\"http://hl7.org/fhir/R4/codesystem-concept-map-equivalence.html#wider\" title=\"wider\">maps to wider concept</a></td><td>other</td></tr></table><hr/><p><b>Group 2</b>Mapping from <a href=\"http://hl7.org/fhir/R4/codesystem-administrative-gender.html\">AdministrativeGender</a> to <a href=\"CodeSystem-IMMZ-C.html\">IMMZ-C CodeSystem for Data Elements</a></p><table class=\"grid\"><tr><td><b>Source Code</b></td><td><b>Relationship</b></td><td><b>Target Code</b></td></tr><tr><td>male</td><td><a href=\"http://hl7.org/fhir/R4/codesystem-concept-map-equivalence.html#equivalent\" title=\"equivalent\">is equivalent to</a></td><td>DE6 (Male)</td></tr><tr><td>female</td><td><a href=\"http://hl7.org/fhir/R4/codesystem-concept-map-equivalence.html#equivalent\" title=\"equivalent\">is equivalent to</a></td><td>DE7 (Female)</td></tr><tr><td>unknown</td><td><a href=\"http://hl7.org/fhir/R4/codesystem-concept-map-equivalence.html#equivalent\" title=\"equivalent\">is equivalent to</a></td><td>DE8 (Biological sex not specified)</td></tr><tr><td>other</td><td><a href=\"http://hl7.org/fhir/R4/codesystem-concept-map-equivalence.html#narrower\" title=\"narrower\">narrower</a></td><td>DE9 (Intersex)</td></tr></table></div>"},"url":"http://worldhealthorganization.github.io/smart-immunizations-mini/ConceptMap/IMMZ-C-SexToAdministrativeGender","version":"0.1.0","name":"IMMZ_C_SexToAdministrativeGender","title":"ConceptMap to and From IMMZ.C sex to administrative gender","status":"active","experimental":false,"date":"2023-08-09","publisher":"WHO","contact":[{"name":"WHO","telecom":[{"system":"url","value":"http://who.int"}]}],"description":"Mapping to and from IMMZ.C sex coding to FHIR Administrative Gender.","group":[{"source":"http://worldhealthorganization.github.io/smart-immunizations-mini/CodeSystem/IMMZ-C","target":"http://hl7.org/fhir/administrative-gender","element":[{"code":"DE6","target":[{"code":"male","equivalence":"equivalent"}]},{"code":"DE7","target":[{"code":"female","equivalence":"equivalent"}]},{"code":"DE8","target":[{"code":"unknown","equivalence":"equivalent"}]},{"code":"DE9","target":[{"code":"other","equivalence":"wider"}]}]},{"source":"http://hl7.org/fhir/administrative-gender","target":"http://worldhealthorganization.github.io/smart-immunizations-mini/CodeSystem/IMMZ-C","element":[{"code":"male","target":[{"code":"DE6","equivalence":"equivalent"}]},{"code":"female","target":[{"code":"DE7","equivalence":"equivalent"}]},{"code":"unknown","target":[{"code":"DE8","equivalence":"equivalent"}]},{"code":"other","target":[{"code":"DE9","equivalence":"narrower"}]}]}]}