{"resourceType":"ImplementationGuide","id":"smart-immunizations-mini","meta":{"profile":["http://worldhealthorganization.github.io/smart-base/StructureDefinition/SGImplementationGuide"]},"text":{"status":"extensions","div":"<div xmlns=\"http://www.w3.org/1999/xhtml\"><h2>SMART</h2><p>The official URL for this implementation guide is: </p><pre>http://worldhealthorganization.github.io/smart-immunizations-mini/ImplementationGuide/smart-immunizations-mini</pre></div>"},"url":"http://worldhealthorganization.github.io/smart-immunizations-mini/ImplementationGuide/smart-immunizations-mini","version":"0.1.0","name":"SMART","status":"draft","date":"2023-09-20T16:48:16+00:00","publisher":"WHO","contact":[{"name":"WHO","telecom":[{"system":"url","value":"http://who.int"}]}],"packageId":"smart-immunizations-mini","license":"CC0-1.0","fhirVersion":["4.0.1"],"dependsOn":[{"id":"hl7tx","extension":[{"url":"http://hl7.org/fhir/tools/StructureDefinition/implementationguide-dependency-comment","valueMarkdown":"Automatically added as a dependency - all IGs depend on HL7 Terminology"}],"uri":"http://terminology.hl7.org/ImplementationGuide/hl7.terminology","packageId":"hl7.terminology.r4","version":"5.3.0"},{"id":"hl7ext","extension":[{"url":"http://hl7.org/fhir/tools/StructureDefinition/implementationguide-dependency-comment","valueMarkdown":"Automatically added as a dependency - all IGs depend on the HL7 Extension Pack"}],"uri":"http://hl7.org/fhir/extensions/ImplementationGuide/hl7.fhir.uv.extensions","packageId":"hl7.fhir.uv.extensions.r4","version":"1.0.0"},{"id":"who_fhir_smart_base","uri":"http://worldhealthorganization.github.io/smart-base/ImplementationGuide/who.fhir.smart-base","packageId":"who.fhir.smart-base","version":"current"},{"id":"hl7_fhir_uv_sdc","uri":"http://hl7.org/fhir/uv/sdc/ImplementationGuide/hl7.fhir.uv.sdc","packageId":"hl7.fhir.uv.sdc","version":"3.0.0"}],"definition":{"extension":[{"extension":[{"url":"code","valueString":"copyrightyear"},{"url":"value","valueString":"2023+"}],"url":"http://hl7.org/fhir/tools/StructureDefinition/ig-parameter"},{"extension":[{"url":"code","valueString":"releaselabel"},{"url":"value","valueString":"ci-build"}],"url":"http://hl7.org/fhir/tools/StructureDefinition/ig-parameter"},{"extension":[{"url":"code","valueString":"autoload-resources"},{"url":"value","valueString":"true"}],"url":"http://hl7.org/fhir/tools/StructureDefinition/ig-parameter"},{"extension":[{"url":"code","valueString":"path-liquid"},{"url":"value","valueString":"template/liquid"}],"url":"http://hl7.org/fhir/tools/StructureDefinition/ig-parameter"},{"extension":[{"url":"code","valueString":"path-liquid"},{"url":"value","valueString":"input/liquid"}],"url":"http://hl7.org/fhir/tools/StructureDefinition/ig-parameter"},{"extension":[{"url":"code","valueString":"path-qa"},{"url":"value","valueString":"temp/qa"}],"url":"http://hl7.org/fhir/tools/StructureDefinition/ig-parameter"},{"extension":[{"url":"code","valueString":"path-temp"},{"url":"value","valueString":"temp/pages"}],"url":"http://hl7.org/fhir/tools/StructureDefinition/ig-parameter"},{"extension":[{"url":"code","valueString":"path-output"},{"url":"value","valueString":"output"}],"url":"http://hl7.org/fhir/tools/StructureDefinition/ig-parameter"},{"extension":[{"url":"code","valueString":"path-suppressed-warnings"},{"url":"value","valueString":"input/ignoreWarnings.txt"}],"url":"http://hl7.org/fhir/tools/StructureDefinition/ig-parameter"},{"extension":[{"url":"code","valueString":"path-history"},{"url":"value","valueString":"http://worldhealthorganization.github.io/smart-immunizations-mini/history.html"}],"url":"http://hl7.org/fhir/tools/StructureDefinition/ig-parameter"},{"extension":[{"url":"code","valueString":"template-html"},{"url":"value","valueString":"template-page.html"}],"url":"http://hl7.org/fhir/tools/StructureDefinition/ig-parameter"},{"extension":[{"url":"code","valueString":"template-md"},{"url":"value","valueString":"template-page-md.html"}],"url":"http://hl7.org/fhir/tools/StructureDefinition/ig-parameter"},{"extension":[{"url":"code","valueString":"apply-contact"},{"url":"value","valueString":"true"}],"url":"http://hl7.org/fhir/tools/StructureDefinition/ig-parameter"},{"extension":[{"url":"code","valueString":"apply-context"},{"url":"value","valueString":"true"}],"url":"http://hl7.org/fhir/tools/StructureDefinition/ig-parameter"},{"extension":[{"url":"code","valueString":"apply-copyright"},{"url":"value","valueString":"true"}],"url":"http://hl7.org/fhir/tools/StructureDefinition/ig-parameter"},{"extension":[{"url":"code","valueString":"apply-jurisdiction"},{"url":"value","valueString":"true"}],"url":"http://hl7.org/fhir/tools/StructureDefinition/ig-parameter"},{"extension":[{"url":"code","valueString":"apply-license"},{"url":"value","valueString":"true"}],"url":"http://hl7.org/fhir/tools/StructureDefinition/ig-parameter"},{"extension":[{"url":"code","valueString":"apply-publisher"},{"url":"value","valueString":"true"}],"url":"http://hl7.org/fhir/tools/StructureDefinition/ig-parameter"},{"extension":[{"url":"code","valueString":"apply-version"},{"url":"value","valueString":"true"}],"url":"http://hl7.org/fhir/tools/StructureDefinition/ig-parameter"},{"extension":[{"url":"code","valueString":"apply-wg"},{"url":"value","valueString":"true"}],"url":"http://hl7.org/fhir/tools/StructureDefinition/ig-parameter"},{"extension":[{"url":"code","valueString":"active-tables"},{"url":"value","valueString":"true"}],"url":"http://hl7.org/fhir/tools/StructureDefinition/ig-parameter"},{"extension":[{"url":"code","valueString":"fmm-definition"},{"url":"value","valueString":"http://hl7.org/fhir/versions.html#maturity"}],"url":"http://hl7.org/fhir/tools/StructureDefinition/ig-parameter"},{"extension":[{"url":"code","valueString":"propagate-status"},{"url":"value","valueString":"true"}],"url":"http://hl7.org/fhir/tools/StructureDefinition/ig-parameter"},{"extension":[{"url":"code","valueString":"excludelogbinaryformat"},{"url":"value","valueString":"true"}],"url":"http://hl7.org/fhir/tools/StructureDefinition/ig-parameter"},{"extension":[{"url":"code","valueString":"tabbed-snapshots"},{"url":"value","valueString":"true"}],"url":"http://hl7.org/fhir/tools/StructureDefinition/ig-parameter"},{"url":"http://hl7.org/fhir/tools/StructureDefinition/ig-internal-dependency","valueCode":"hl7.fhir.uv.tools#current"},{"extension":[{"url":"code","valueCode":"copyrightyear"},{"url":"value","valueString":"2023+"}],"url":"http://hl7.org/fhir/tools/StructureDefinition/ig-parameter"},{"extension":[{"url":"code","valueCode":"releaselabel"},{"url":"value","valueString":"ci-build"}],"url":"http://hl7.org/fhir/tools/StructureDefinition/ig-parameter"},{"extension":[{"url":"code","valueCode":"autoload-resources"},{"url":"value","valueString":"true"}],"url":"http://hl7.org/fhir/tools/StructureDefinition/ig-parameter"},{"extension":[{"url":"code","valueCode":"path-liquid"},{"url":"value","valueString":"template/liquid"}],"url":"http://hl7.org/fhir/tools/StructureDefinition/ig-parameter"},{"extension":[{"url":"code","valueCode":"path-liquid"},{"url":"value","valueString":"input/liquid"}],"url":"http://hl7.org/fhir/tools/StructureDefinition/ig-parameter"},{"extension":[{"url":"code","valueCode":"path-qa"},{"url":"value","valueString":"temp/qa"}],"url":"http://hl7.org/fhir/tools/StructureDefinition/ig-parameter"},{"extension":[{"url":"code","valueCode":"path-temp"},{"url":"value","valueString":"temp/pages"}],"url":"http://hl7.org/fhir/tools/StructureDefinition/ig-parameter"},{"extension":[{"url":"code","valueCode":"path-output"},{"url":"value","valueString":"output"}],"url":"http://hl7.org/fhir/tools/StructureDefinition/ig-parameter"},{"extension":[{"url":"code","valueCode":"path-suppressed-warnings"},{"url":"value","valueString":"input/ignoreWarnings.txt"}],"url":"http://hl7.org/fhir/tools/StructureDefinition/ig-parameter"},{"extension":[{"url":"code","valueCode":"path-history"},{"url":"value","valueString":"http://worldhealthorganization.github.io/smart-immunizations-mini/history.html"}],"url":"http://hl7.org/fhir/tools/StructureDefinition/ig-parameter"},{"extension":[{"url":"code","valueCode":"template-html"},{"url":"value","valueString":"template-page.html"}],"url":"http://hl7.org/fhir/tools/StructureDefinition/ig-parameter"},{"extension":[{"url":"code","valueCode":"template-md"},{"url":"value","valueString":"template-page-md.html"}],"url":"http://hl7.org/fhir/tools/StructureDefinition/ig-parameter"},{"extension":[{"url":"code","valueCode":"apply-contact"},{"url":"value","valueString":"true"}],"url":"http://hl7.org/fhir/tools/StructureDefinition/ig-parameter"},{"extension":[{"url":"code","valueCode":"apply-context"},{"url":"value","valueString":"true"}],"url":"http://hl7.org/fhir/tools/StructureDefinition/ig-parameter"},{"extension":[{"url":"code","valueCode":"apply-copyright"},{"url":"value","valueString":"true"}],"url":"http://hl7.org/fhir/tools/StructureDefinition/ig-parameter"},{"extension":[{"url":"code","valueCode":"apply-jurisdiction"},{"url":"value","valueString":"true"}],"url":"http://hl7.org/fhir/tools/StructureDefinition/ig-parameter"},{"extension":[{"url":"code","valueCode":"apply-license"},{"url":"value","valueString":"true"}],"url":"http://hl7.org/fhir/tools/StructureDefinition/ig-parameter"},{"extension":[{"url":"code","valueCode":"apply-publisher"},{"url":"value","valueString":"true"}],"url":"http://hl7.org/fhir/tools/StructureDefinition/ig-parameter"},{"extension":[{"url":"code","valueCode":"apply-version"},{"url":"value","valueString":"true"}],"url":"http://hl7.org/fhir/tools/StructureDefinition/ig-parameter"},{"extension":[{"url":"code","valueCode":"apply-wg"},{"url":"value","valueString":"true"}],"url":"http://hl7.org/fhir/tools/StructureDefinition/ig-parameter"},{"extension":[{"url":"code","valueCode":"active-tables"},{"url":"value","valueString":"true"}],"url":"http://hl7.org/fhir/tools/StructureDefinition/ig-parameter"},{"extension":[{"url":"code","valueCode":"fmm-definition"},{"url":"value","valueString":"http://hl7.org/fhir/versions.html#maturity"}],"url":"http://hl7.org/fhir/tools/StructureDefinition/ig-parameter"},{"extension":[{"url":"code","valueCode":"propagate-status"},{"url":"value","valueString":"true"}],"url":"http://hl7.org/fhir/tools/StructureDefinition/ig-parameter"},{"extension":[{"url":"code","valueCode":"excludelogbinaryformat"},{"url":"value","valueString":"true"}],"url":"http://hl7.org/fhir/tools/StructureDefinition/ig-parameter"},{"extension":[{"url":"code","valueCode":"tabbed-snapshots"},{"url":"value","valueString":"true"}],"url":"http://hl7.org/fhir/tools/StructureDefinition/ig-parameter"},{"extension":[{"url":"code","valueCode":"copyrightyear"},{"url":"value","valueString":"2023+"}],"url":"http://hl7.org/fhir/tools/StructureDefinition/ig-parameter"},{"extension":[{"url":"code","valueCode":"releaselabel"},{"url":"value","valueString":"ci-build"}],"url":"http://hl7.org/fhir/tools/StructureDefinition/ig-parameter"},{"extension":[{"url":"code","valueCode":"autoload-resources"},{"url":"value","valueString":"true"}],"url":"http://hl7.org/fhir/tools/StructureDefinition/ig-parameter"},{"extension":[{"url":"code","valueCode":"path-liquid"},{"url":"value","valueString":"template/liquid"}],"url":"http://hl7.org/fhir/tools/StructureDefinition/ig-parameter"},{"extension":[{"url":"code","valueCode":"path-liquid"},{"url":"value","valueString":"input/liquid"}],"url":"http://hl7.org/fhir/tools/StructureDefinition/ig-parameter"},{"extension":[{"url":"code","valueCode":"path-qa"},{"url":"value","valueString":"temp/qa"}],"url":"http://hl7.org/fhir/tools/StructureDefinition/ig-parameter"},{"extension":[{"url":"code","valueCode":"path-temp"},{"url":"value","valueString":"temp/pages"}],"url":"http://hl7.org/fhir/tools/StructureDefinition/ig-parameter"},{"extension":[{"url":"code","valueCode":"path-output"},{"url":"value","valueString":"output"}],"url":"http://hl7.org/fhir/tools/StructureDefinition/ig-parameter"},{"extension":[{"url":"code","valueCode":"path-suppressed-warnings"},{"url":"value","valueString":"input/ignoreWarnings.txt"}],"url":"http://hl7.org/fhir/tools/StructureDefinition/ig-parameter"},{"extension":[{"url":"code","valueCode":"path-history"},{"url":"value","valueString":"http://worldhealthorganization.github.io/smart-immunizations-mini/history.html"}],"url":"http://hl7.org/fhir/tools/StructureDefinition/ig-parameter"},{"extension":[{"url":"code","valueCode":"template-html"},{"url":"value","valueString":"template-page.html"}],"url":"http://hl7.org/fhir/tools/StructureDefinition/ig-parameter"},{"extension":[{"url":"code","valueCode":"template-md"},{"url":"value","valueString":"template-page-md.html"}],"url":"http://hl7.org/fhir/tools/StructureDefinition/ig-parameter"},{"extension":[{"url":"code","valueCode":"apply-contact"},{"url":"value","valueString":"true"}],"url":"http://hl7.org/fhir/tools/StructureDefinition/ig-parameter"},{"extension":[{"url":"code","valueCode":"apply-context"},{"url":"value","valueString":"true"}],"url":"http://hl7.org/fhir/tools/StructureDefinition/ig-parameter"},{"extension":[{"url":"code","valueCode":"apply-copyright"},{"url":"value","valueString":"true"}],"url":"http://hl7.org/fhir/tools/StructureDefinition/ig-parameter"},{"extension":[{"url":"code","valueCode":"apply-jurisdiction"},{"url":"value","valueString":"true"}],"url":"http://hl7.org/fhir/tools/StructureDefinition/ig-parameter"},{"extension":[{"url":"code","valueCode":"apply-license"},{"url":"value","valueString":"true"}],"url":"http://hl7.org/fhir/tools/StructureDefinition/ig-parameter"},{"extension":[{"url":"code","valueCode":"apply-publisher"},{"url":"value","valueString":"true"}],"url":"http://hl7.org/fhir/tools/StructureDefinition/ig-parameter"},{"extension":[{"url":"code","valueCode":"apply-version"},{"url":"value","valueString":"true"}],"url":"http://hl7.org/fhir/tools/StructureDefinition/ig-parameter"},{"extension":[{"url":"code","valueCode":"apply-wg"},{"url":"value","valueString":"true"}],"url":"http://hl7.org/fhir/tools/StructureDefinition/ig-parameter"},{"extension":[{"url":"code","valueCode":"active-tables"},{"url":"value","valueString":"true"}],"url":"http://hl7.org/fhir/tools/StructureDefinition/ig-parameter"},{"extension":[{"url":"code","valueCode":"fmm-definition"},{"url":"value","valueString":"http://hl7.org/fhir/versions.html#maturity"}],"url":"http://hl7.org/fhir/tools/StructureDefinition/ig-parameter"},{"extension":[{"url":"code","valueCode":"propagate-status"},{"url":"value","valueString":"true"}],"url":"http://hl7.org/fhir/tools/StructureDefinition/ig-parameter"},{"extension":[{"url":"code","valueCode":"excludelogbinaryformat"},{"url":"value","valueString":"true"}],"url":"http://hl7.org/fhir/tools/StructureDefinition/ig-parameter"},{"extension":[{"url":"code","valueCode":"tabbed-snapshots"},{"url":"value","valueString":"true"}],"url":"http://hl7.org/fhir/tools/StructureDefinition/ig-parameter"}],"grouping":[{"id":"-req-actordefinition","name":"Requirements: Actor Definitions","description":"The following artifacts define the types of individuals and/or systems that will interact as part of the use cases covered by this implementation guide."},{"id":"-str-logicalmodel","name":"Structures: Logical Models","description":"These define data models that represent the domain covered by this implementation guide in more business-friendly terms than the underlying FHIR resources."},{"id":"-str-questionnaire","name":"Structures: Questionnaires","description":"These define forms used by systems conforming to this implementation guide to capture or expose data to end users."},{"id":"-str-profile","name":"Structures: Resource Profiles","description":"These define constraints on FHIR resources for systems conforming to this implementation guide."},{"id":"-term-valueset","name":"Terminology: Value Sets","description":"These define sets of codes used by systems conforming to this implementation guide."},{"id":"-term-codesystem","name":"Terminology: Code Systems","description":"These define new code systems used by systems conforming to this implementation guide."},{"id":"-map-conceptmap","name":"Terminology: Concept Maps","description":"These define transformations to convert between codes by systems conforming with this implementation guide."}],"resource":[{"extension":[{"url":"http://hl7.org/fhir/tools/StructureDefinition/resource-sort","valueInteger":999999999},{"url":"http://hl7.org/fhir/StructureDefinition/implementationguide-page","valueUri":"ActorDefinition-CommunityHealthWorker.html"}],"reference":{"reference":"ActorDefinition/CommunityHealthWorker"},"name":"Community Health Worker","description":"Community health workers provide health education, referral and follow-up; case management and basic preventive health care; and home visiting services to specific communities. They provide support and assistance to clients by reminding clients to take their vaccinations, responding to emergencies, and reporting births.","exampleBoolean":false,"groupingId":"-req-actordefinition"},{"extension":[{"url":"http://hl7.org/fhir/tools/StructureDefinition/resource-sort","valueInteger":999999999},{"url":"http://hl7.org/fhir/StructureDefinition/implementationguide-page","valueUri":"ActorDefinition-EPIManager.html"}],"reference":{"reference":"ActorDefinition/EPIManager"},"name":"Healthcare Worker","description":"Responsible for: developing annual and multi-annual plans; immunization communication and mobilization; management of logistics, the cold chain, and vaccines; monitoring, supervision and evaluation of immunization services; and coordination of EPI activities at the national and subnational levels.","exampleBoolean":false,"groupingId":"-req-actordefinition"},{"extension":[{"url":"http://hl7.org/fhir/tools/StructureDefinition/resource-sort","valueInteger":999999999},{"url":"http://hl7.org/fhir/StructureDefinition/implementationguide-page","valueUri":"ActorDefinition-HealthWorker.html"}],"reference":{"reference":"ActorDefinition/HealthWorker"},"name":"Healthcare Worker","description":"Health workers facilitate education sessions, administers immunizations, provide counselling when needed, record stock movements, and compiles/generates reports.","exampleBoolean":false,"groupingId":"-req-actordefinition"},{"extension":[{"url":"http://hl7.org/fhir/tools/StructureDefinition/resource-sort","valueInteger":999999999},{"url":"http://hl7.org/fhir/StructureDefinition/implementationguide-page","valueUri":"StructureDefinition-IMMZ-D1-client-history-measles.html"}],"reference":{"reference":"StructureDefinition/IMMZ-D1-client-history-measles"},"name":"IMMZ-D1 Capture Client History for Measles","description":"Data elements for the IMMZ-D1 Capture Client History Data Dictionary for Measles.","exampleBoolean":false,"groupingId":"-str-logicalmodel"},{"extension":[{"url":"http://hl7.org/fhir/tools/StructureDefinition/resource-sort","valueInteger":999999999},{"url":"http://hl7.org/fhir/StructureDefinition/implementationguide-page","valueUri":"StructureDefinition-IMMZ-C-register-client.html"}],"reference":{"reference":"StructureDefinition/IMMZ-C-register-client"},"name":"IMMZ.C Register Client","exampleBoolean":false,"groupingId":"-str-logicalmodel"},{"extension":[{"url":"http://hl7.org/fhir/tools/StructureDefinition/resource-sort","valueInteger":999999999},{"url":"http://hl7.org/fhir/StructureDefinition/implementationguide-page","valueUri":"Questionnaire-Questionnaire-IMMZCRegisterClient.html"},{"extension":[{"url":"type","valueCode":"ValueSet"},{"url":"id","valueId":"IMMZ-C-DE5"},{"url":"title","valueString":"ValueSet"},{"url":"description","valueString":"ValueSet for Sex for IMMZ-C-DE5."}],"url":"http://hl7.org/fhir/tools/StructureDefinition/contained-resource-information"}],"reference":{"reference":"Questionnaire/Questionnaire-IMMZCRegisterClient"},"name":"Client Registration Questionnaire","description":"Immunization - Client Registration Questionnaire","exampleBoolean":false,"groupingId":"-str-questionnaire"},{"extension":[{"url":"http://hl7.org/fhir/tools/StructureDefinition/resource-sort","valueInteger":999999999},{"url":"http://hl7.org/fhir/StructureDefinition/implementationguide-page","valueUri":"StructureDefinition-SMARTImplementationGuide.html"}],"reference":{"reference":"StructureDefinition/SMARTImplementationGuide"},"name":"SMARTImplementationGuide","exampleBoolean":false,"groupingId":"-str-profile"},{"extension":[{"url":"http://hl7.org/fhir/tools/StructureDefinition/resource-sort","valueInteger":999999999},{"url":"http://hl7.org/fhir/StructureDefinition/implementationguide-page","valueUri":"ValueSet-IMMZ-C-DE5.html"}],"reference":{"reference":"ValueSet/IMMZ-C-DE5"},"name":"IMMZ-C-DE5 ValueSet for Sex","description":"ValueSet for Sex for IMMZ-C-DE5.","exampleBoolean":false,"groupingId":"-term-valueset"},{"extension":[{"url":"http://hl7.org/fhir/tools/StructureDefinition/resource-sort","valueInteger":999999999},{"url":"http://hl7.org/fhir/StructureDefinition/implementationguide-page","valueUri":"ValueSet-IMMZ-D1.DE10.html"}],"reference":{"reference":"ValueSet/IMMZ-D1.DE10"},"name":"IMMZ-D1.DE10 ValueSet for HIV Status","description":"ValueSet for HIV Status for IMMZ-D1.DE10.","exampleBoolean":false,"groupingId":"-term-valueset"},{"extension":[{"url":"http://hl7.org/fhir/tools/StructureDefinition/resource-sort","valueInteger":999999999},{"url":"http://hl7.org/fhir/StructureDefinition/implementationguide-page","valueUri":"ValueSet-IMMZ-D1.DE35.html"}],"reference":{"reference":"ValueSet/IMMZ-D1.DE35"},"name":"IMMZ-D1.DE35 ValueSet for Type of polio dose","description":"ValueSet for Type of polio dose for IMMZ-D1.DE35.","exampleBoolean":false,"groupingId":"-term-valueset"},{"extension":[{"url":"http://hl7.org/fhir/tools/StructureDefinition/resource-sort","valueInteger":999999999},{"url":"http://hl7.org/fhir/StructureDefinition/implementationguide-page","valueUri":"ValueSet-IMMZ-D1.DE52.html"}],"reference":{"reference":"ValueSet/IMMZ-D1.DE52"},"name":"IMMZ-D1.DE52 ValueSet for Type of last JE dose","description":"ValueSet for Type of last JE dose for IMMZ-D1.DE52.","exampleBoolean":false,"groupingId":"-term-valueset"},{"extension":[{"url":"http://hl7.org/fhir/tools/StructureDefinition/resource-sort","valueInteger":999999999},{"url":"http://hl7.org/fhir/StructureDefinition/implementationguide-page","valueUri":"ValueSet-IMMZ-D1.DE56.html"}],"reference":{"reference":"ValueSet/IMMZ-D1.DE56"},"name":"IMMZ-D1.DE56 ValueSet for Type of last TBE dose","description":"ValueSet for Type of last TBE dose for IMMZ-D1.DE56.","exampleBoolean":false,"groupingId":"-term-valueset"},{"extension":[{"url":"http://hl7.org/fhir/tools/StructureDefinition/resource-sort","valueInteger":999999999},{"url":"http://hl7.org/fhir/StructureDefinition/implementationguide-page","valueUri":"ValueSet-IMMZ-D1.DE61.html"}],"reference":{"reference":"ValueSet/IMMZ-D1.DE61"},"name":"IMMZ-D1.DE61 ValueSet for Type of last typhoid dose","description":"ValueSet for Type of last typhoid dose for IMMZ-D1.DE61.","exampleBoolean":false,"groupingId":"-term-valueset"},{"extension":[{"url":"http://hl7.org/fhir/tools/StructureDefinition/resource-sort","valueInteger":999999999},{"url":"http://hl7.org/fhir/StructureDefinition/implementationguide-page","valueUri":"ValueSet-IMMZ-D1.DE65.html"}],"reference":{"reference":"ValueSet/IMMZ-D1.DE65"},"name":"IMMZ-D1.DE65 ValueSet for Type of last cholera dose","description":"ValueSet for Type of last cholera dose for IMMZ-D1.DE65.","exampleBoolean":false,"groupingId":"-term-valueset"},{"extension":[{"url":"http://hl7.org/fhir/tools/StructureDefinition/resource-sort","valueInteger":999999999},{"url":"http://hl7.org/fhir/StructureDefinition/implementationguide-page","valueUri":"ValueSet-IMMZ-D1.DE68.html"}],"reference":{"reference":"ValueSet/IMMZ-D1.DE68"},"name":"IMMZ-D1.DE68 ValueSet for Type of last meningococcal dose","description":"ValueSet for Type of last meningococcal dose for IMMZ-D1.DE68.","exampleBoolean":false,"groupingId":"-term-valueset"},{"extension":[{"url":"http://hl7.org/fhir/tools/StructureDefinition/resource-sort","valueInteger":999999999},{"url":"http://hl7.org/fhir/StructureDefinition/implementationguide-page","valueUri":"ValueSet-IMMZ-D1.DE73.html"}],"reference":{"reference":"ValueSet/IMMZ-D1.DE73"},"name":"IMMZ-D1.DE73 ValueSet for Type of last hepatitis A dose","description":"ValueSet for Type of last hepatitis A dose for IMMZ-D1.DE73.","exampleBoolean":false,"groupingId":"-term-valueset"},{"extension":[{"url":"http://hl7.org/fhir/tools/StructureDefinition/resource-sort","valueInteger":999999999},{"url":"http://hl7.org/fhir/StructureDefinition/implementationguide-page","valueUri":"ValueSet-IMMZ-D1.DE84.html"}],"reference":{"reference":"ValueSet/IMMZ-D1.DE84"},"name":"IMMZ-D1.DE84 ValueSet for Type of TB infection test performed","description":"ValueSet for Type of TB infection test performed for IMMZ-D1.DE84.","exampleBoolean":false,"groupingId":"-term-valueset"},{"extension":[{"url":"http://hl7.org/fhir/tools/StructureDefinition/resource-sort","valueInteger":999999999},{"url":"http://hl7.org/fhir/StructureDefinition/implementationguide-page","valueUri":"ValueSet-IMMZ-D1.DE87.html"}],"reference":{"reference":"ValueSet/IMMZ-D1.DE87"},"name":"IMMZ-D1.DE87 ValueSet for TB infection test result","description":"ValueSet for TB infection test result for IMMZ-D1.DE87.","exampleBoolean":false,"groupingId":"-term-valueset"},{"extension":[{"url":"http://hl7.org/fhir/tools/StructureDefinition/resource-sort","valueInteger":999999999},{"url":"http://hl7.org/fhir/StructureDefinition/implementationguide-page","valueUri":"CodeSystem-IMMZ-C.html"}],"reference":{"reference":"CodeSystem/IMMZ-C"},"name":"IMMZ-C CodeSystem for Data Elements","description":"CodeSystem for IMMZ.C Data Elements","exampleBoolean":false,"groupingId":"-term-codesystem"},{"extension":[{"url":"http://hl7.org/fhir/tools/StructureDefinition/resource-sort","valueInteger":999999999},{"url":"http://hl7.org/fhir/StructureDefinition/implementationguide-page","valueUri":"CodeSystem-IMMZ-D1.html"}],"reference":{"reference":"CodeSystem/IMMZ-D1"},"name":"IMMZ-D1 CodeSystem for Data Elements","description":"CodeSystem for IMMZ.C Data Elements","exampleBoolean":false,"groupingId":"-term-codesystem"},{"extension":[{"url":"http://hl7.org/fhir/tools/StructureDefinition/resource-sort","valueInteger":999999999},{"url":"http://hl7.org/fhir/StructureDefinition/implementationguide-page","valueUri":"ConceptMap-IMMZ-C-SexToAdministrativeGender.html"}],"reference":{"reference":"ConceptMap/IMMZ-C-SexToAdministrativeGender"},"name":"IMMZ-C-SexToAdministrativeGender","description":"Mapping to and from IMMZ.C sex coding to FHIR Administrative Gender.","exampleBoolean":false,"groupingId":"-map-conceptmap"},{"extension":[{"url":"http://hl7.org/fhir/tools/StructureDefinition/resource-sort","valueInteger":999999999},{"url":"http://hl7.org/fhir/StructureDefinition/implementationguide-page","valueUri":"ConceptMap-IMMZ-D1.ConceptMap.html"}],"reference":{"reference":"ConceptMap/IMMZ-D1.ConceptMap"},"name":"IMMZ-D1.ConceptMap","description":"Mapping to and from IMMZ-D1 Data Dictionary to other codesystems.","exampleBoolean":false,"groupingId":"-map-conceptmap"},{"extension":[{"url":"http://hl7.org/fhir/tools/StructureDefinition/resource-sort","valueInteger":999999999},{"url":"http://hl7.org/fhir/StructureDefinition/implementationguide-page","valueUri":"ConceptMap-IMMZ.C.ConceptMap.html"}],"reference":{"reference":"ConceptMap/IMMZ.C.ConceptMap"},"name":"IMMZ.C.ConceptMap","description":"Mapping to and from IMMZ.C Data Dictionary to other codesystems.","exampleBoolean":false,"groupingId":"-map-conceptmap"}],"page":{"extension":[{"url":"http://hl7.org/fhir/tools/StructureDefinition/ig-page-name","valueUrl":"toc.html"}],"nameUrl":"toc.html","title":"Table of Contents","generation":"html","page":[{"extension":[{"url":"http://hl7.org/fhir/tools/StructureDefinition/ig-page-name","valueUrl":"index.html"}],"nameUrl":"index.html","title":"Home","generation":"markdown","page":[{"extension":[{"url":"http://hl7.org/fhir/tools/StructureDefinition/ig-page-name","valueUrl":"changes.html"}],"nameUrl":"changes.html","title":"Changes","generation":"markdown"},{"extension":[{"url":"http://hl7.org/fhir/tools/StructureDefinition/ig-page-name","valueUrl":"dependencies.html"}],"nameUrl":"dependencies.html","title":"Dependencies","generation":"markdown"},{"extension":[{"url":"http://hl7.org/fhir/tools/StructureDefinition/ig-page-name","valueUrl":"references.html"}],"nameUrl":"references.html","title":"References","generation":"markdown"},{"extension":[{"url":"http://hl7.org/fhir/tools/StructureDefinition/ig-page-name","valueUrl":"adapting.html"}],"nameUrl":"adapting.html","title":"Adapting Guidelines for Country use","generation":"markdown"},{"extension":[{"url":"http://hl7.org/fhir/tools/StructureDefinition/ig-page-name","valueUrl":"license.html"}],"nameUrl":"license.html","title":"License","generation":"markdown"}]},{"extension":[{"url":"http://hl7.org/fhir/tools/StructureDefinition/ig-page-name","valueUrl":"business-requirements.html"}],"nameUrl":"business-requirements.html","title":"Business Requirements","generation":"markdown","page":[{"extension":[{"url":"http://hl7.org/fhir/tools/StructureDefinition/ig-page-name","valueUrl":"concepts.html"}],"nameUrl":"concepts.html","title":"Concepts","generation":"markdown"},{"extension":[{"url":"http://hl7.org/fhir/tools/StructureDefinition/ig-page-name","valueUrl":"personas.html"}],"nameUrl":"personas.html","title":"Generic Personas","generation":"markdown"},{"extension":[{"url":"http://hl7.org/fhir/tools/StructureDefinition/ig-page-name","valueUrl":"scenarios.html"}],"nameUrl":"scenarios.html","title":"User Scenarios","generation":"markdown"},{"extension":[{"url":"http://hl7.org/fhir/tools/StructureDefinition/ig-page-name","valueUrl":"business-processes.html"}],"nameUrl":"business-processes.html","title":"Business Processes","generation":"markdown"},{"extension":[{"url":"http://hl7.org/fhir/tools/StructureDefinition/ig-page-name","valueUrl":"dictionary.html"}],"nameUrl":"dictionary.html","title":"Data Dictionary","generation":"markdown"},{"extension":[{"url":"http://hl7.org/fhir/tools/StructureDefinition/ig-page-name","valueUrl":"decision-logic.html"}],"nameUrl":"decision-logic.html","title":"Decision-support logic","generation":"markdown"},{"extension":[{"url":"http://hl7.org/fhir/tools/StructureDefinition/ig-page-name","valueUrl":"indicators.html"}],"nameUrl":"indicators.html","title":"Indicator and Performance Metrics","generation":"markdown"},{"extension":[{"url":"http://hl7.org/fhir/tools/StructureDefinition/ig-page-name","valueUrl":"functional-requirements.html"}],"nameUrl":"functional-requirements.html","title":"Functional Requirements","generation":"markdown"},{"extension":[{"url":"http://hl7.org/fhir/tools/StructureDefinition/ig-page-name","valueUrl":"non-functional-requirements.html"}],"nameUrl":"non-functional-requirements.html","title":"Non-functional Requirements","generation":"markdown"}]},{"extension":[{"url":"http://hl7.org/fhir/tools/StructureDefinition/ig-page-name","valueUrl":"data-models-and-exchange.html"}],"nameUrl":"data-models-and-exchange.html","title":"Data Models and Exchange","generation":"markdown","page":[{"extension":[{"url":"http://hl7.org/fhir/tools/StructureDefinition/ig-page-name","valueUrl":"system-actors.html"}],"nameUrl":"system-actors.html","title":"System Actors","generation":"markdown"},{"extension":[{"url":"http://hl7.org/fhir/tools/StructureDefinition/ig-page-name","valueUrl":"sequence-diagrams.html"}],"nameUrl":"sequence-diagrams.html","title":"Sequence Diagrams","generation":"markdown"},{"extension":[{"url":"http://hl7.org/fhir/tools/StructureDefinition/ig-page-name","valueUrl":"transactions.html"}],"nameUrl":"transactions.html","title":"Transactions","generation":"markdown"},{"extension":[{"url":"http://hl7.org/fhir/tools/StructureDefinition/ig-page-name","valueUrl":"indicators-measures.html"}],"nameUrl":"indicators-measures.html","title":"Indicators and Measures","generation":"markdown"},{"extension":[{"url":"http://hl7.org/fhir/tools/StructureDefinition/ig-page-name","valueUrl":"codings.html"}],"nameUrl":"codings.html","title":"Codings","generation":"markdown"}]},{"extension":[{"url":"http://hl7.org/fhir/tools/StructureDefinition/ig-page-name","valueUrl":"deployment.html"}],"nameUrl":"deployment.html","title":"Deployment","generation":"markdown","page":[{"extension":[{"url":"http://hl7.org/fhir/tools/StructureDefinition/ig-page-name","valueUrl":"security-privacy.html"}],"nameUrl":"security-privacy.html","title":"Security and Privacy Considerations","generation":"markdown"},{"extension":[{"url":"http://hl7.org/fhir/tools/StructureDefinition/ig-page-name","valueUrl":"testing.html"}],"nameUrl":"testing.html","title":"Testing","generation":"markdown"},{"extension":[{"url":"http://hl7.org/fhir/tools/StructureDefinition/ig-page-name","valueUrl":"test-data.html"}],"nameUrl":"test-data.html","title":"Test Data","generation":"markdown"},{"extension":[{"url":"http://hl7.org/fhir/tools/StructureDefinition/ig-page-name","valueUrl":"reference-implementations.html"}],"nameUrl":"reference-implementations.html","title":"Reference Implementations","generation":"markdown"},{"extension":[{"url":"http://hl7.org/fhir/tools/StructureDefinition/ig-page-name","valueUrl":"downloads.html"}],"nameUrl":"downloads.html","title":"Downloads","generation":"markdown"}]},{"extension":[{"url":"http://hl7.org/fhir/tools/StructureDefinition/ig-page-name","valueUrl":"indices.html"}],"nameUrl":"indices.html","title":"Indices","generation":"markdown","page":[{"extension":[{"url":"http://hl7.org/fhir/tools/StructureDefinition/ig-page-name","valueUrl":"artifacts.html"}],"nameUrl":"artifacts.html","title":"Artifact Index","generation":"html","page":[{"extension":[{"url":"http://hl7.org/fhir/tools/StructureDefinition/ig-page-name","valueUrl":"ActorDefinition-CommunityHealthWorker.html"}],"nameUrl":"ActorDefinition-CommunityHealthWorker.html","title":"Community Health Worker","generation":"generated"},{"extension":[{"url":"http://hl7.org/fhir/tools/StructureDefinition/ig-page-name","valueUrl":"ActorDefinition-EPIManager.html"}],"nameUrl":"ActorDefinition-EPIManager.html","title":"Healthcare Worker","generation":"generated"},{"extension":[{"url":"http://hl7.org/fhir/tools/StructureDefinition/ig-page-name","valueUrl":"ActorDefinition-HealthWorker.html"}],"nameUrl":"ActorDefinition-HealthWorker.html","title":"Healthcare Worker","generation":"generated"},{"extension":[{"url":"http://hl7.org/fhir/tools/StructureDefinition/ig-page-name","valueUrl":"StructureDefinition-IMMZ-D1-client-history-measles.html"}],"nameUrl":"StructureDefinition-IMMZ-D1-client-history-measles.html","title":"IMMZ-D1 Capture Client History for Measles","generation":"generated"},{"extension":[{"url":"http://hl7.org/fhir/tools/StructureDefinition/ig-page-name","valueUrl":"StructureDefinition-IMMZ-C-register-client.html"}],"nameUrl":"StructureDefinition-IMMZ-C-register-client.html","title":"IMMZ.C Register Client","generation":"generated"},{"extension":[{"url":"http://hl7.org/fhir/tools/StructureDefinition/ig-page-name","valueUrl":"Questionnaire-Questionnaire-IMMZCRegisterClient.html"}],"nameUrl":"Questionnaire-Questionnaire-IMMZCRegisterClient.html","title":"Client Registration Questionnaire","generation":"generated","page":[{"extension":[{"url":"http://hl7.org/fhir/tools/StructureDefinition/ig-page-name","valueUrl":"ValueSet-Questionnaire-IMMZCRegisterClient_IMMZ-C-DE5.html"}],"nameUrl":"ValueSet-Questionnaire-IMMZCRegisterClient_IMMZ-C-DE5.html","title":"ValueSet","generation":"generated"}]},{"extension":[{"url":"http://hl7.org/fhir/tools/StructureDefinition/ig-page-name","valueUrl":"StructureDefinition-SMARTImplementationGuide.html"}],"nameUrl":"StructureDefinition-SMARTImplementationGuide.html","title":"SMARTImplementationGuide","generation":"generated"},{"extension":[{"url":"http://hl7.org/fhir/tools/StructureDefinition/ig-page-name","valueUrl":"ValueSet-IMMZ-C-DE5.html"}],"nameUrl":"ValueSet-IMMZ-C-DE5.html","title":"IMMZ-C-DE5 ValueSet for Sex","generation":"generated"},{"extension":[{"url":"http://hl7.org/fhir/tools/StructureDefinition/ig-page-name","valueUrl":"ValueSet-IMMZ-D1.DE10.html"}],"nameUrl":"ValueSet-IMMZ-D1.DE10.html","title":"IMMZ-D1.DE10 ValueSet for HIV Status","generation":"generated"},{"extension":[{"url":"http://hl7.org/fhir/tools/StructureDefinition/ig-page-name","valueUrl":"ValueSet-IMMZ-D1.DE35.html"}],"nameUrl":"ValueSet-IMMZ-D1.DE35.html","title":"IMMZ-D1.DE35 ValueSet for Type of polio dose","generation":"generated"},{"extension":[{"url":"http://hl7.org/fhir/tools/StructureDefinition/ig-page-name","valueUrl":"ValueSet-IMMZ-D1.DE52.html"}],"nameUrl":"ValueSet-IMMZ-D1.DE52.html","title":"IMMZ-D1.DE52 ValueSet for Type of last JE dose","generation":"generated"},{"extension":[{"url":"http://hl7.org/fhir/tools/StructureDefinition/ig-page-name","valueUrl":"ValueSet-IMMZ-D1.DE56.html"}],"nameUrl":"ValueSet-IMMZ-D1.DE56.html","title":"IMMZ-D1.DE56 ValueSet for Type of last TBE dose","generation":"generated"},{"extension":[{"url":"http://hl7.org/fhir/tools/StructureDefinition/ig-page-name","valueUrl":"ValueSet-IMMZ-D1.DE61.html"}],"nameUrl":"ValueSet-IMMZ-D1.DE61.html","title":"IMMZ-D1.DE61 ValueSet for Type of last typhoid dose","generation":"generated"},{"extension":[{"url":"http://hl7.org/fhir/tools/StructureDefinition/ig-page-name","valueUrl":"ValueSet-IMMZ-D1.DE65.html"}],"nameUrl":"ValueSet-IMMZ-D1.DE65.html","title":"IMMZ-D1.DE65 ValueSet for Type of last cholera dose","generation":"generated"},{"extension":[{"url":"http://hl7.org/fhir/tools/StructureDefinition/ig-page-name","valueUrl":"ValueSet-IMMZ-D1.DE68.html"}],"nameUrl":"ValueSet-IMMZ-D1.DE68.html","title":"IMMZ-D1.DE68 ValueSet for Type of last meningococcal dose","generation":"generated"},{"extension":[{"url":"http://hl7.org/fhir/tools/StructureDefinition/ig-page-name","valueUrl":"ValueSet-IMMZ-D1.DE73.html"}],"nameUrl":"ValueSet-IMMZ-D1.DE73.html","title":"IMMZ-D1.DE73 ValueSet for Type of last hepatitis A dose","generation":"generated"},{"extension":[{"url":"http://hl7.org/fhir/tools/StructureDefinition/ig-page-name","valueUrl":"ValueSet-IMMZ-D1.DE84.html"}],"nameUrl":"ValueSet-IMMZ-D1.DE84.html","title":"IMMZ-D1.DE84 ValueSet for Type of TB infection test performed","generation":"generated"},{"extension":[{"url":"http://hl7.org/fhir/tools/StructureDefinition/ig-page-name","valueUrl":"ValueSet-IMMZ-D1.DE87.html"}],"nameUrl":"ValueSet-IMMZ-D1.DE87.html","title":"IMMZ-D1.DE87 ValueSet for TB infection test result","generation":"generated"},{"extension":[{"url":"http://hl7.org/fhir/tools/StructureDefinition/ig-page-name","valueUrl":"CodeSystem-IMMZ-C.html"}],"nameUrl":"CodeSystem-IMMZ-C.html","title":"IMMZ-C CodeSystem for Data Elements","generation":"generated"},{"extension":[{"url":"http://hl7.org/fhir/tools/StructureDefinition/ig-page-name","valueUrl":"CodeSystem-IMMZ-D1.html"}],"nameUrl":"CodeSystem-IMMZ-D1.html","title":"IMMZ-D1 CodeSystem for Data Elements","generation":"generated"},{"extension":[{"url":"http://hl7.org/fhir/tools/StructureDefinition/ig-page-name","valueUrl":"ConceptMap-IMMZ-C-SexToAdministrativeGender.html"}],"nameUrl":"ConceptMap-IMMZ-C-SexToAdministrativeGender.html","title":"IMMZ-C-SexToAdministrativeGender","generation":"generated"},{"extension":[{"url":"http://hl7.org/fhir/tools/StructureDefinition/ig-page-name","valueUrl":"ConceptMap-IMMZ-D1.ConceptMap.html"}],"nameUrl":"ConceptMap-IMMZ-D1.ConceptMap.html","title":"IMMZ-D1.ConceptMap","generation":"generated"},{"extension":[{"url":"http://hl7.org/fhir/tools/StructureDefinition/ig-page-name","valueUrl":"ConceptMap-IMMZ.C.ConceptMap.html"}],"nameUrl":"ConceptMap-IMMZ.C.ConceptMap.html","title":"IMMZ.C.ConceptMap","generation":"generated"}]},{"extension":[{"url":"http://hl7.org/fhir/tools/StructureDefinition/ig-page-name","valueUrl":"maps.html"}],"nameUrl":"maps.html","title":"Mappings","generation":"markdown"}]}]},"parameter":[{"code":"path-resource","value":"input/actors"},{"code":"path-resource","value":"input/capabilities"},{"code":"path-resource","value":"input/examples"},{"code":"path-resource","value":"input/extensions"},{"code":"path-resource","value":"input/models"},{"code":"path-resource","value":"input/operations"},{"code":"path-resource","value":"input/profiles"},{"code":"path-resource","value":"input/resources"},{"code":"path-resource","value":"input/vocabulary"},{"code":"path-resource","value":"input/testing"},{"code":"path-resource","value":"input/history"},{"code":"path-resource","value":"fsh-generated/resources"},{"code":"path-pages","value":"template/config"},{"code":"path-pages","value":"input/images"},{"code":"path-tx-cache","value":"input-cache/txcache"}]}}