{"resourceType":"ValueSet","id":"IMMZ-D1.DE68","text":{"status":"generated","div":"<div xmlns=\"http://www.w3.org/1999/xhtml\"><ul><li>Include these codes as defined in <a href=\"CodeSystem-IMMZ-D1.html\"><code>http://worldhealthorganization.github.io/smart-immunizations-mini/CodeSystem/IMMZ-D1</code></a><table class=\"none\"><tr><td style=\"white-space:nowrap\"><b>Code</b></td><td><b>Display</b></td></tr><tr><td><a href=\"CodeSystem-IMMZ-D1.html#IMMZ-D1-DE69\">DE69</a></td><td>MenA conjugate vaccine (5µg)</td></tr><tr><td><a href=\"CodeSystem-IMMZ-D1.html#IMMZ-D1-DE70\">DE70</a></td><td>Monovalent MenC conjugate</td></tr><tr><td><a href=\"CodeSystem-IMMZ-D1.html#IMMZ-D1-DE71\">DE71</a></td><td>Quadrivalent conjugate</td></tr></table></li></ul></div>"},"url":"http://worldhealthorganization.github.io/smart-immunizations-mini/ValueSet/IMMZ-D1.DE68","version":"0.1.0","name":"IMMZ_D1_DE68","title":"IMMZ-D1.DE68 ValueSet for Type of last meningococcal dose","status":"active","date":"2023-09-20T16:48:16+00:00","publisher":"WHO","contact":[{"name":"WHO","telecom":[{"system":"url","value":"http://who.int"}]}],"description":"ValueSet for Type of last meningococcal dose for IMMZ-D1.DE68.","compose":{"include":[{"system":"http://worldhealthorganization.github.io/smart-immunizations-mini/CodeSystem/IMMZ-D1","concept":[{"code":"DE69","display":"MenA conjugate vaccine (5µg)"},{"code":"DE70","display":"Monovalent MenC conjugate"},{"code":"DE71","display":"Quadrivalent conjugate"}]}]}}