{"resourceType":"ValueSet","id":"IMMZ-D1.DE61","text":{"status":"generated","div":"<div xmlns=\"http://www.w3.org/1999/xhtml\"><ul><li>Include these codes as defined in <a href=\"CodeSystem-IMMZ-D1.html\"><code>http://worldhealthorganization.github.io/smart-immunizations-mini/CodeSystem/IMMZ-D1</code></a><table class=\"none\"><tr><td style=\"white-space:nowrap\"><b>Code</b></td><td><b>Display</b></td></tr><tr><td><a href=\"CodeSystem-IMMZ-D1.html#IMMZ-D1-DE62\">DE62</a></td><td>Typbar-TCV</td></tr><tr><td><a href=\"CodeSystem-IMMZ-D1.html#IMMZ-D1-DE63\">DE63</a></td><td>ViPS</td></tr><tr><td><a href=\"CodeSystem-IMMZ-D1.html#IMMZ-D1-DE64\">DE64</a></td><td>Ty21a</td></tr></table></li></ul></div>"},"url":"http://worldhealthorganization.github.io/smart-immunizations-mini/ValueSet/IMMZ-D1.DE61","version":"0.1.0","name":"IMMZ_D1_DE61","title":"IMMZ-D1.DE61 ValueSet for Type of last typhoid dose","status":"active","date":"2023-09-20T16:48:16+00:00","publisher":"WHO","contact":[{"name":"WHO","telecom":[{"system":"url","value":"http://who.int"}]}],"description":"ValueSet for Type of last typhoid dose for IMMZ-D1.DE61.","compose":{"include":[{"system":"http://worldhealthorganization.github.io/smart-immunizations-mini/CodeSystem/IMMZ-D1","concept":[{"code":"DE62","display":"Typbar-TCV"},{"code":"DE63","display":"ViPS"},{"code":"DE64","display":"Ty21a"}]}]}}