{"resourceType":"ValueSet","id":"IMMZ-D1.DE35","text":{"status":"generated","div":"<div xmlns=\"http://www.w3.org/1999/xhtml\"><ul><li>Include these codes as defined in <a href=\"CodeSystem-IMMZ-D1.html\"><code>http://worldhealthorganization.github.io/smart-immunizations-mini/CodeSystem/IMMZ-D1</code></a><table class=\"none\"><tr><td style=\"white-space:nowrap\"><b>Code</b></td><td><b>Display</b></td></tr><tr><td><a href=\"CodeSystem-IMMZ-D1.html#IMMZ-D1-DE36\">DE36</a></td><td>IPV</td></tr><tr><td><a href=\"CodeSystem-IMMZ-D1.html#IMMZ-D1-DE37\">DE37</a></td><td>bOPV</td></tr></table></li></ul></div>"},"url":"http://worldhealthorganization.github.io/smart-immunizations-mini/ValueSet/IMMZ-D1.DE35","version":"0.1.0","name":"IMMZ_D1_DE35","title":"IMMZ-D1.DE35 ValueSet for Type of polio dose","status":"active","date":"2023-09-20T16:48:16+00:00","publisher":"WHO","contact":[{"name":"WHO","telecom":[{"system":"url","value":"http://who.int"}]}],"description":"ValueSet for Type of polio dose for IMMZ-D1.DE35.","compose":{"include":[{"system":"http://worldhealthorganization.github.io/smart-immunizations-mini/CodeSystem/IMMZ-D1","concept":[{"code":"DE36","display":"IPV"},{"code":"DE37","display":"bOPV"}]}]}}