<?xml version="1.0" encoding="UTF-8"?>

<ConceptMap xmlns="http://hl7.org/fhir">
  <id value="IMMZ-C-SexToAdministrativeGender"/>
  <text>
    <status value="extensions"/><div xmlns="http://www.w3.org/1999/xhtml">Placeholder</div>
  </text>
  <url value="http://worldhealthorganization.github.io/smart-immunizations-mini/ConceptMap/IMMZ-C-SexToAdministrativeGender"/>
  <version value="0.1.0"/>
  <name value="IMMZ_C_SexToAdministrativeGender"/>
  <title value="ConceptMap to and From IMMZ.C sex to administrative gender"/>
  <status value="active"/>
  <experimental value="false"/>
  <date value="2023-08-09"/>
  <publisher value="WHO"/>
  <contact>
    <name value="WHO"/>
    <telecom>
      <system value="url"/>
      <value value="http://who.int"/>
    </telecom>
  </contact>
  <description value="Mapping to and from IMMZ.C sex coding to FHIR Administrative Gender."/>
  <group>
    <source value="http://worldhealthorganization.github.io/smart-immunizations-mini/CodeSystem/IMMZ-C"/>
    <target value="http://hl7.org/fhir/administrative-gender"/>
    <element>
      <code value="DE6"/>
      <target>
        <code value="male"/>
        <equivalence value="equivalent"/>
      </target>
    </element>
    <element>
      <code value="DE7"/>
      <target>
        <code value="female"/>
        <equivalence value="equivalent"/>
      </target>
    </element>
    <element>
      <code value="DE8"/>
      <target>
        <code value="unknown"/>
        <equivalence value="equivalent"/>
      </target>
    </element>
    <element>
      <code value="DE9"/>
      <target>
        <code value="other"/>
        <equivalence value="wider"/>
      </target>
    </element>
  </group>
  <group>
    <source value="http://hl7.org/fhir/administrative-gender"/>
    <target value="http://worldhealthorganization.github.io/smart-immunizations-mini/CodeSystem/IMMZ-C"/>
    <element>
      <code value="male"/>
      <target>
        <code value="DE6"/>
        <equivalence value="equivalent"/>
      </target>
    </element>
    <element>
      <code value="female"/>
      <target>
        <code value="DE7"/>
        <equivalence value="equivalent"/>
      </target>
    </element>
    <element>
      <code value="unknown"/>
      <target>
        <code value="DE8"/>
        <equivalence value="equivalent"/>
      </target>
    </element>
    <element>
      <code value="other"/>
      <target>
        <code value="DE9"/>
        <equivalence value="narrower"/>
      </target>
    </element>
  </group>
</ConceptMap>