<?xml version="1.0" encoding="UTF-8"?>

<ConceptMap xmlns="http://hl7.org/fhir">
  <id value="IMMZ-D1.ConceptMap"/>
  <text>
    <status value="extensions"/><div xmlns="http://www.w3.org/1999/xhtml">Placeholder</div>
  </text>
  <url value="http://worldhealthorganization.github.io/smart-immunizations-mini/ConceptMap/IMMZ-D1.ConceptMap"/>
  <version value="0.1.0"/>
  <name value="IMMZ_D1_ConceptMap"/>
  <title value="ConceptMap to and from IMMZ-D1 DataElements"/>
  <status value="active"/>
  <experimental value="false"/>
  <date value="2023-08-09"/>
  <publisher value="WHO"/>
  <contact>
    <name value="WHO"/>
    <telecom>
      <system value="url"/>
      <value value="http://who.int"/>
    </telecom>
  </contact>
  <description value="Mapping to and from IMMZ-D1 Data Dictionary to other codesystems."/>
  <group>
    <source value="http://worldhealthorganization.github.io/smart-immunizations-mini/CodeSystem/IMMZ-D1"/>
    <target value="http://hl7.org/fhir/sid/icd-11"/>
    <element>
      <code value="DE88"/>
      <target>
        <code value="1B1Z"/>
        <equivalence value="relatedto"/>
      </target>
    </element>
    <element>
      <code value="DE11"/>
      <target>
        <code value="1C62.Z"/>
        <equivalence value="equivalent"/>
      </target>
    </element>
    <element>
      <code value="DE13"/>
      <target>
        <code value="1H0Z"/>
        <equivalence value="equivalent"/>
      </target>
    </element>
    <element>
      <code value="DE40"/>
      <target>
        <code value="3A51"/>
        <equivalence value="equivalent"/>
      </target>
    </element>
    <element>
      <code value="DE16"/>
      <target>
        <code value="4B4Z"/>
        <equivalence value="wider"/>
      </target>
    </element>
    <element>
      <code value="DE15"/>
      <target>
        <code value="KA21.4"/>
        <equivalence value="equivalent"/>
      </target>
    </element>
    <element>
      <code value="DE89"/>
      <target>
        <code value="QA02.0"/>
        <equivalence value="relatedto"/>
      </target>
    </element>
    <element>
      <code value="DE12"/>
      <target>
        <code value="QA02.Y"/>
        <equivalence value="relatedto"/>
      </target>
    </element>
    <element>
      <code value="DE82"/>
      <target>
        <code value="QA48.1"/>
        <equivalence value="wider"/>
      </target>
    </element>
    <element>
      <code value="DE90"/>
      <target>
        <code value="QC60"/>
        <equivalence value="wider"/>
      </target>
    </element>
    <element>
      <code value="DE70"/>
      <target>
        <code value="XM18Y8"/>
        <equivalence value="equivalent"/>
      </target>
    </element>
    <element>
      <code value="DE69"/>
      <target>
        <code value="XM2280"/>
        <equivalence value="equivalent"/>
      </target>
    </element>
    <element>
      <code value="DE64"/>
      <target>
        <code value="XM33K4"/>
        <equivalence value="wider"/>
      </target>
    </element>
    <element>
      <code value="DE85"/>
      <target>
        <code value="XM3KQ4"/>
        <equivalence value="wider"/>
      </target>
    </element>
    <element>
      <code value="DE63"/>
      <target>
        <code value="XM3SF6"/>
        <equivalence value="wider"/>
      </target>
    </element>
    <element>
      <code value="DE54"/>
      <target>
        <code value="XM47S0"/>
        <equivalence value="equivalent"/>
      </target>
    </element>
    <element>
      <code value="DE36"/>
      <target>
        <code value="XM5V19"/>
        <equivalence value="equivalent"/>
      </target>
    </element>
    <element>
      <code value="DE37"/>
      <target>
        <code value="XM79H3"/>
        <equivalence value="equivalent"/>
      </target>
    </element>
    <element>
      <code value="DE86"/>
      <target>
        <code value="XM7PF6"/>
        <equivalence value="wider"/>
      </target>
    </element>
    <element>
      <code value="DE9"/>
      <target>
        <code value="XT0S"/>
        <equivalence value="equivalent"/>
      </target>
    </element>
  </group>
  <group>
    <source value="http://hl7.org/fhir/sid/icd-11"/>
    <target value="http://worldhealthorganization.github.io/smart-immunizations-mini/CodeSystem/IMMZ-D1"/>
    <element>
      <code value="1B1Z"/>
      <target>
        <code value="DE88"/>
        <equivalence value="relatedto"/>
      </target>
    </element>
    <element>
      <code value="1C62.Z"/>
      <target>
        <code value="DE11"/>
        <equivalence value="equivalent"/>
      </target>
    </element>
    <element>
      <code value="1H0Z"/>
      <target>
        <code value="DE13"/>
        <equivalence value="equivalent"/>
      </target>
    </element>
    <element>
      <code value="3A51"/>
      <target>
        <code value="DE40"/>
        <equivalence value="equivalent"/>
      </target>
    </element>
    <element>
      <code value="4B4Z"/>
      <target>
        <code value="DE16"/>
        <equivalence value="narrower"/>
      </target>
    </element>
    <element>
      <code value="KA21.4"/>
      <target>
        <code value="DE15"/>
        <equivalence value="equivalent"/>
      </target>
    </element>
    <element>
      <code value="QA02.0"/>
      <target>
        <code value="DE89"/>
        <equivalence value="relatedto"/>
      </target>
    </element>
    <element>
      <code value="QA02.Y"/>
      <target>
        <code value="DE12"/>
        <equivalence value="relatedto"/>
      </target>
    </element>
    <element>
      <code value="QA48.1"/>
      <target>
        <code value="DE82"/>
        <equivalence value="narrower"/>
      </target>
    </element>
    <element>
      <code value="QC60"/>
      <target>
        <code value="DE90"/>
        <equivalence value="narrower"/>
      </target>
    </element>
    <element>
      <code value="XM18Y8"/>
      <target>
        <code value="DE70"/>
        <equivalence value="equivalent"/>
      </target>
    </element>
    <element>
      <code value="XM2280"/>
      <target>
        <code value="DE69"/>
        <equivalence value="equivalent"/>
      </target>
    </element>
    <element>
      <code value="XM33K4"/>
      <target>
        <code value="DE64"/>
        <equivalence value="narrower"/>
      </target>
    </element>
    <element>
      <code value="XM3KQ4"/>
      <target>
        <code value="DE85"/>
        <equivalence value="narrower"/>
      </target>
    </element>
    <element>
      <code value="XM3SF6"/>
      <target>
        <code value="DE63"/>
        <equivalence value="narrower"/>
      </target>
    </element>
    <element>
      <code value="XM47S0"/>
      <target>
        <code value="DE54"/>
        <equivalence value="equivalent"/>
      </target>
    </element>
    <element>
      <code value="XM5V19"/>
      <target>
        <code value="DE36"/>
        <equivalence value="equivalent"/>
      </target>
    </element>
    <element>
      <code value="XM79H3"/>
      <target>
        <code value="DE37"/>
        <equivalence value="equivalent"/>
      </target>
    </element>
    <element>
      <code value="XM7PF6"/>
      <target>
        <code value="DE86"/>
        <equivalence value="narrower"/>
      </target>
    </element>
    <element>
      <code value="XT0S"/>
      <target>
        <code value="DE9"/>
        <equivalence value="equivalent"/>
      </target>
    </element>
  </group>
  <group>
    <source value="http://worldhealthorganization.github.io/smart-immunizations-mini/CodeSystem/IMMZ-D1"/>
    <target value="http://loinc.org"/>
    <element>
      <code value="DE90"/>
      <target>
        <code value="10157-6"/>
        <equivalence value="relatedto"/>
      </target>
    </element>
    <element>
      <code value="DE85"/>
      <target>
        <code value="27415-9"/>
        <equivalence value="wider"/>
      </target>
    </element>
    <element>
      <code value="DE86"/>
      <target>
        <code value="39263-9"/>
        <equivalence value="equivalent"/>
      </target>
    </element>
    <element>
      <code value="DE88"/>
      <target>
        <code value="45241-7"/>
        <equivalence value="relatedto"/>
      </target>
    </element>
    <element>
      <code value="DE11"/>
      <target>
        <code value="45683-0"/>
        <equivalence value="equivalent"/>
      </target>
    </element>
    <element>
      <code value="DE10"/>
      <target>
        <code value="55277-8"/>
        <equivalence value="equivalent"/>
      </target>
    </element>
    <element>
      <code value="DE82"/>
      <target>
        <code value="63895-7"/>
        <equivalence value="wider"/>
      </target>
    </element>
    <element>
      <code value="DE15"/>
      <target>
        <code value="76517-2"/>
        <equivalence value="equivalent"/>
      </target>
    </element>
    <element>
      <code value="DE9"/>
      <target>
        <code value="82810-3"/>
        <equivalence value="equivalent"/>
      </target>
    </element>
    <element>
      <code value="DE29"/>
      <target>
        <code value="8339-4"/>
        <equivalence value="equivalent"/>
      </target>
    </element>
    <element>
      <code value="DE16"/>
      <target>
        <code value="96381-9"/>
        <equivalence value="relatedto"/>
      </target>
    </element>
    <element>
      <code value="DE92"/>
      <target>
        <code value="96381-9"/>
        <equivalence value="relatedto"/>
      </target>
    </element>
  </group>
  <group>
    <source value="http://loinc.org"/>
    <target value="http://worldhealthorganization.github.io/smart-immunizations-mini/CodeSystem/IMMZ-D1"/>
    <element>
      <code value="10157-6"/>
      <target>
        <code value="DE90"/>
        <equivalence value="relatedto"/>
      </target>
    </element>
    <element>
      <code value="27415-9"/>
      <target>
        <code value="DE85"/>
        <equivalence value="narrower"/>
      </target>
    </element>
    <element>
      <code value="39263-9"/>
      <target>
        <code value="DE86"/>
        <equivalence value="equivalent"/>
      </target>
    </element>
    <element>
      <code value="45241-7"/>
      <target>
        <code value="DE88"/>
        <equivalence value="relatedto"/>
      </target>
    </element>
    <element>
      <code value="45683-0"/>
      <target>
        <code value="DE11"/>
        <equivalence value="equivalent"/>
      </target>
    </element>
    <element>
      <code value="55277-8"/>
      <target>
        <code value="DE10"/>
        <equivalence value="equivalent"/>
      </target>
    </element>
    <element>
      <code value="63895-7"/>
      <target>
        <code value="DE82"/>
        <equivalence value="narrower"/>
      </target>
    </element>
    <element>
      <code value="76517-2"/>
      <target>
        <code value="DE15"/>
        <equivalence value="equivalent"/>
      </target>
    </element>
    <element>
      <code value="82810-3"/>
      <target>
        <code value="DE9"/>
        <equivalence value="equivalent"/>
      </target>
    </element>
    <element>
      <code value="8339-4"/>
      <target>
        <code value="DE29"/>
        <equivalence value="equivalent"/>
      </target>
    </element>
    <element>
      <code value="96381-9"/>
      <target>
        <code value="DE16"/>
        <equivalence value="relatedto"/>
      </target>
    </element>
    <element>
      <code value="96381-9"/>
      <target>
        <code value="DE92"/>
        <equivalence value="relatedto"/>
      </target>
    </element>
  </group>
  <group>
    <source value="http://worldhealthorganization.github.io/smart-immunizations-mini/CodeSystem/IMMZ-D1"/>
    <target value="http://snomed.info/sct"/>
    <element>
      <code value="DE88"/>
      <target>
        <code value="10828004"/>
        <equivalence value="wider"/>
      </target>
    </element>
    <element>
      <code value="DE86"/>
      <target>
        <code value="28163009"/>
        <equivalence value="equivalent"/>
      </target>
    </element>
    <element>
      <code value="DE85"/>
      <target>
        <code value="68311008"/>
        <equivalence value="equivalent"/>
      </target>
    </element>
    <element>
      <code value="DE82"/>
      <target>
        <code value="69840006"/>
        <equivalence value="equivalent"/>
      </target>
    </element>
    <element>
      <code value="DE9"/>
      <target>
        <code value="77386006"/>
        <equivalence value="equivalent"/>
      </target>
    </element>
    <element>
      <code value="DE12"/>
      <target>
        <code value="165815009"/>
        <equivalence value="equivalent"/>
      </target>
    </element>
    <element>
      <code value="DE11"/>
      <target>
        <code value="165816005"/>
        <equivalence value="equivalent"/>
      </target>
    </element>
    <element>
      <code value="DE89"/>
      <target>
        <code value="260385009"/>
        <equivalence value="wider"/>
      </target>
    </element>
    <element>
      <code value="DE13"/>
      <target>
        <code value="261665006"/>
        <equivalence value="wider"/>
      </target>
    </element>
    <element>
      <code value="DE10"/>
      <target>
        <code value="278977008"/>
        <equivalence value="equivalent"/>
      </target>
    </element>
    <element>
      <code value="DE16"/>
      <target>
        <code value="370388006"/>
        <equivalence value="equivalent"/>
      </target>
    </element>
    <element>
      <code value="DE15"/>
      <target>
        <code value="395507008"/>
        <equivalence value="equivalent"/>
      </target>
    </element>
    <element>
      <code value="DE40"/>
      <target>
        <code value="417357006"/>
        <equivalence value="equivalent"/>
      </target>
    </element>
    <element>
      <code value="DE90"/>
      <target>
        <code value="438998000"/>
        <equivalence value="wider"/>
      </target>
    </element>
    <element>
      <code value="DE36"/>
      <target>
        <code value="871740006"/>
        <equivalence value="equivalent"/>
      </target>
    </element>
  </group>
  <group>
    <source value="http://snomed.info/sct"/>
    <target value="http://worldhealthorganization.github.io/smart-immunizations-mini/CodeSystem/IMMZ-D1"/>
    <element>
      <code value="10828004"/>
      <target>
        <code value="DE88"/>
        <equivalence value="narrower"/>
      </target>
    </element>
    <element>
      <code value="28163009"/>
      <target>
        <code value="DE86"/>
        <equivalence value="equivalent"/>
      </target>
    </element>
    <element>
      <code value="68311008"/>
      <target>
        <code value="DE85"/>
        <equivalence value="equivalent"/>
      </target>
    </element>
    <element>
      <code value="69840006"/>
      <target>
        <code value="DE82"/>
        <equivalence value="equivalent"/>
      </target>
    </element>
    <element>
      <code value="77386006"/>
      <target>
        <code value="DE9"/>
        <equivalence value="equivalent"/>
      </target>
    </element>
    <element>
      <code value="165815009"/>
      <target>
        <code value="DE12"/>
        <equivalence value="equivalent"/>
      </target>
    </element>
    <element>
      <code value="165816005"/>
      <target>
        <code value="DE11"/>
        <equivalence value="equivalent"/>
      </target>
    </element>
    <element>
      <code value="260385009"/>
      <target>
        <code value="DE89"/>
        <equivalence value="narrower"/>
      </target>
    </element>
    <element>
      <code value="261665006"/>
      <target>
        <code value="DE13"/>
        <equivalence value="narrower"/>
      </target>
    </element>
    <element>
      <code value="278977008"/>
      <target>
        <code value="DE10"/>
        <equivalence value="equivalent"/>
      </target>
    </element>
    <element>
      <code value="370388006"/>
      <target>
        <code value="DE16"/>
        <equivalence value="equivalent"/>
      </target>
    </element>
    <element>
      <code value="395507008"/>
      <target>
        <code value="DE15"/>
        <equivalence value="equivalent"/>
      </target>
    </element>
    <element>
      <code value="417357006"/>
      <target>
        <code value="DE40"/>
        <equivalence value="equivalent"/>
      </target>
    </element>
    <element>
      <code value="438998000"/>
      <target>
        <code value="DE90"/>
        <equivalence value="narrower"/>
      </target>
    </element>
    <element>
      <code value="871740006"/>
      <target>
        <code value="DE36"/>
        <equivalence value="equivalent"/>
      </target>
    </element>
  </group>
</ConceptMap>