{
  "resourceType" : "ConceptMap",
  "id" : "IMMZ.C.ConceptMap",
  "text" : {
    "status" : "extensions",
    "div" : "<div xmlns=\"http://www.w3.org/1999/xhtml\">Placeholder</div>"
  },
  "url" : "http://worldhealthorganization.github.io/smart-immunizations-mini/ConceptMap/IMMZ.C.ConceptMap",
  "version" : "0.1.0",
  "name" : "IMMZ_C_ConceptMap",
  "title" : "ConceptMap to and from IMMZ.C DataElements",
  "status" : "active",
  "experimental" : false,
  "date" : "2023-08-04",
  "publisher" : "WHO",
  "contact" : [{
    "name" : "WHO",
    "telecom" : [{
      "system" : "url",
      "value" : "http://who.int"
    }]
  }],
  "description" : "Mapping to and from IMMZ.C Data Dictionary to other codesystems.",
  "group" : [{
    "source" : "http://worldhealthorganization.github.io/smart-immunizations-mini/CodeSystem/IMMZ-C",
    "target" : "http://hl7.org/fhir/sid/icd-11",
    "element" : [{
      "code" : "DE6",
      "target" : [{
        "code" : "XX2UQ8",
        "equivalence" : "equivalent"
      }]
    },
    {
      "code" : "DE7",
      "target" : [{
        "code" : "XX2V25",
        "equivalence" : "equivalent"
      }]
    },
    {
      "code" : "DE8",
      "target" : [{
        "code" : "XX2PX3",
        "equivalence" : "equivalent"
      }]
    },
    {
      "code" : "DE9",
      "target" : [{
        "code" : "XX45B7",
        "equivalence" : "equivalent"
      }]
    }]
  },
  {
    "source" : "http://hl7.org/fhir/sid/icd-11",
    "target" : "http://worldhealthorganization.github.io/smart-immunizations-mini/CodeSystem/IMMZ-C",
    "element" : [{
      "code" : "XX2UQ8",
      "target" : [{
        "code" : "DE6",
        "equivalence" : "equivalent"
      }]
    },
    {
      "code" : "XX2V25",
      "target" : [{
        "code" : "DE7",
        "equivalence" : "equivalent"
      }]
    },
    {
      "code" : "XX2PX3",
      "target" : [{
        "code" : "DE8",
        "equivalence" : "equivalent"
      }]
    },
    {
      "code" : "XX45B7",
      "target" : [{
        "code" : "DE9",
        "equivalence" : "equivalent"
      }]
    }]
  },
  {
    "source" : "http://worldhealthorganization.github.io/smart-immunizations-mini/CodeSystem/IMMZ-C",
    "target" : "http://loinc.org",
    "element" : [{
      "code" : "DE2",
      "target" : [{
        "code" : "54125-0",
        "equivalence" : "equivalent"
      }]
    },
    {
      "code" : "DE3",
      "target" : [{
        "code" : "45392-8",
        "equivalence" : "relatedto"
      }]
    },
    {
      "code" : "DE4",
      "target" : [{
        "code" : "45394-4",
        "equivalence" : "relatedto"
      }]
    },
    {
      "code" : "DE5",
      "target" : [{
        "code" : "46098-0",
        "equivalence" : "equivalent"
      }]
    },
    {
      "code" : "DE10",
      "target" : [{
        "code" : "21112-8",
        "equivalence" : "equivalent"
      }]
    },
    {
      "code" : "DE13",
      "target" : [{
        "code" : "63900-5",
        "equivalence" : "wider"
      }]
    },
    {
      "code" : "DE18",
      "target" : [{
        "code" : "42077-8",
        "equivalence" : "equivalent"
      }]
    },
    {
      "code" : "DE19",
      "target" : [{
        "code" : "56799-0",
        "equivalence" : "narrower"
      }]
    }]
  },
  {
    "source" : "http://worldhealthorganization.github.io/smart-immunizations-mini/CodeSystem/IMMZ-C",
    "target" : "http://snomed.info/sct",
    "element" : [{
      "code" : "DE2",
      "target" : [{
        "code" : "371484003",
        "equivalence" : "equivalent"
      }]
    },
    {
      "code" : "DE3",
      "target" : [{
        "code" : "184095009",
        "equivalence" : "relatedto"
      }]
    },
    {
      "code" : "DE4",
      "target" : [{
        "code" : "184096005",
        "equivalence" : "relatedto"
      }]
    },
    {
      "code" : "DE5",
      "target" : [{
        "code" : "184100006",
        "equivalence" : "equivalent"
      }]
    },
    {
      "code" : "DE6",
      "target" : [{
        "code" : "248153007",
        "equivalence" : "equivalent"
      }]
    },
    {
      "code" : "DE7",
      "target" : [{
        "code" : "248152002",
        "equivalence" : "equivalent"
      }]
    },
    {
      "code" : "DE8",
      "target" : [{
        "code" : "772004004",
        "equivalence" : "relatedto"
      }]
    },
    {
      "code" : "DE9",
      "target" : [{
        "code" : "15867007",
        "equivalence" : "equivalent"
      }]
    },
    {
      "code" : "DE10",
      "target" : [{
        "code" : "184099003",
        "equivalence" : "equivalent"
      }]
    },
    {
      "code" : "DE14",
      "target" : [{
        "code" : "184140000",
        "equivalence" : "wider"
      }]
    },
    {
      "code" : "DE15",
      "target" : [{
        "code" : "184140000",
        "equivalence" : "wider"
      }]
    },
    {
      "code" : "DE18",
      "target" : [{
        "code" : "184103008",
        "equivalence" : "equivalent"
      }]
    },
    {
      "code" : "DE19",
      "target" : [{
        "code" : "184097001",
        "equivalence" : "narrower"
      }]
    }]
  },
  {
    "source" : "http://snomed.info/sct",
    "target" : "http://worldhealthorganization.github.io/smart-immunizations-mini/CodeSystem/IMMZ-C",
    "element" : [{
      "code" : "248153007",
      "target" : [{
        "code" : "DE6",
        "equivalence" : "equivalent"
      }]
    },
    {
      "code" : "248152002",
      "target" : [{
        "code" : "DE7",
        "equivalence" : "equivalent"
      }]
    },
    {
      "code" : "772004004",
      "target" : [{
        "code" : "DE8",
        "equivalence" : "relatedto"
      }]
    },
    {
      "code" : "15867007",
      "target" : [{
        "code" : "DE9",
        "equivalence" : "equivalent"
      }]
    }]
  }]
}