<?xml version="1.0" encoding="UTF-8"?>

<Questionnaire xmlns="http://hl7.org/fhir">
  <id value="Questionnaire-IMMZCRegisterClient"/>
  <meta>
    <profile value="http://hl7.org/fhir/uv/sdc/StructureDefinition/sdc-questionnaire-extr-smap"/>
  </meta>
  <language value="en"/>
  <text>
    <status value="generated"/><div xmlns="http://www.w3.org/1999/xhtml">Placeholder</div>
  </text>
  <contained>
    <ValueSet>
      <id value="IMMZ-C-DE5"/>
      <url value="http://worldhealthorganization.github.io/smart-immunizations-mini/ValueSet/IMMZ-C-DE5"/>
      <name value="IMMZ_C_DE5"/>
      <title value="IMMZ-C-DE5 ValueSet for Sex"/>
      <status value="active"/>
      <description value="ValueSet for Sex for IMMZ-C-DE5."/>
      <compose>
        <include>
          <system value="http://worldhealthorganization.github.io/smart-immunizations-mini/CodeSystem/IMMZ-C"/>
          <concept>
            <code value="DE6"/>
            <display value="Male"/>
          </concept>
          <concept>
            <code value="DE7"/>
            <display value="Female"/>
          </concept>
          <concept>
            <code value="DE8"/>
            <display value="Biological sex not specified"/>
          </concept>
          <concept>
            <code value="DE9"/>
            <display value="Intersex"/>
          </concept>
        </include>
      </compose>
    </ValueSet>
  </contained>
  <url value="http://worldhealthorganization.github.io/smart-immunizations-mini/Questionnaire/Questionnaire-IMMZCRegisterClient"/>
  <version value="0.1.0"/>
  <title value="Client Registration Questionnaire"/>
  <status value="draft"/>
  <subjectType value="Patient"/>
  <date value="2023-09-20T16:48:16+00:00"/>
  <publisher value="WHO"/>
  <contact>
    <name value="WHO"/>
    <telecom>
      <system value="url"/>
      <value value="http://who.int"/>
    </telecom>
  </contact>
  <description value="Immunization - Client Registration Questionnaire"/>
  <item>
    <linkId value="uniqueId"/>
    <code>
      <system value="http://worldhealthorganization.github.io/smart-immunizations-mini/CodeSystem/IMMZ-C"/>
      <code value="DE1"/>
    </code>
    <text value="Unique identifier for the client"/>
    <type value="string"/>
    <required value="true"/>
    <repeats value="false"/>
  </item>
  <item>
    <linkId value="name"/>
    <code>
      <system value="http://worldhealthorganization.github.io/smart-immunizations-mini/CodeSystem/IMMZ-C"/>
      <code value="DE2"/>
    </code>
    <code>
      <system value="http://loinc.org"/>
      <code value="54125-0"/>
      <display value="Patient name"/>
    </code>
    <code>
      <system value="http://snomed.info/sct"/>
      <code value="371484003"/>
      <display value="Patient name (observable entity)"/>
    </code>
    <text value="Client name"/>
    <type value="group"/>
    <required value="true"/>
    <repeats value="false"/>
    <item>
      <linkId value="fullName"/>
      <code>
        <system value="http://worldhealthorganization.github.io/smart-immunizations-mini/CodeSystem/IMMZ-C"/>
        <code value="DE2"/>
      </code>
      <code>
        <system value="http://loinc.org"/>
        <code value="54125-0"/>
        <display value="Patient name"/>
      </code>
      <code>
        <system value="http://snomed.info/sct"/>
        <code value="371484003"/>
        <display value="Patient name (observable entity)"/>
      </code>
      <text value="Full name of the client"/>
      <type value="string"/>
      <required value="true"/>
      <repeats value="false"/>
    </item>
    <item>
      <linkId value="firstName"/>
      <code>
        <system value="http://worldhealthorganization.github.io/smart-immunizations-mini/CodeSystem/IMMZ-C"/>
        <code value="DE3"/>
      </code>
      <code>
        <system value="http://loinc.org"/>
        <code value="45392-8"/>
        <display value="First name"/>
      </code>
      <code>
        <system value="http://snomed.info/sct"/>
        <code value="184095009"/>
        <display value="Patient forename (observable entity)"/>
      </code>
      <text value="First or given name"/>
      <type value="string"/>
      <required value="false"/>
      <repeats value="false"/>
    </item>
    <item>
      <linkId value="familyName"/>
      <code>
        <system value="http://worldhealthorganization.github.io/smart-immunizations-mini/CodeSystem/IMMZ-C"/>
        <code value="DE4"/>
      </code>
      <code>
        <system value="http://loinc.org"/>
        <code value="45394-4"/>
        <display value="Last name"/>
      </code>
      <code>
        <system value="http://snomed.info/sct"/>
        <code value="184096005"/>
        <display value="Patient surname (observable entity)"/>
      </code>
      <text value="Family name"/>
      <type value="string"/>
      <required value="false"/>
      <repeats value="false"/>
    </item>
  </item>
  <item>
    <linkId value="sex"/>
    <code>
      <system value="http://worldhealthorganization.github.io/smart-immunizations-mini/CodeSystem/IMMZ-C"/>
      <code value="DE5"/>
    </code>
    <code>
      <system value="http://loinc.org"/>
      <code value="46098-0"/>
      <display value="Sex"/>
    </code>
    <code>
      <system value="http://snomed.info/sct"/>
      <code value="184100006"/>
      <display value="Patient sex (observable entity)"/>
    </code>
    <text value="Sex"/>
    <type value="choice"/>
    <required value="true"/>
    <repeats value="false"/>
    <answerValueSet value="http://worldhealthorganization.github.io/smart-immunizations-mini/ValueSet/IMMZ-C-DE5"/>
  </item>
  <item>
    <linkId value="birthDate"/>
    <code>
      <system value="http://worldhealthorganization.github.io/smart-immunizations-mini/CodeSystem/IMMZ-C"/>
      <code value="DE10"/>
    </code>
    <code>
      <system value="http://loinc.org"/>
      <code value="21112-8"/>
      <display value="Birth date"/>
    </code>
    <code>
      <system value="http://snomed.info/sct"/>
      <code value="184099003"/>
      <display value="Date of birth (observable entity)"/>
    </code>
    <text value="Birth Date"/>
    <type value="date"/>
    <required value="false"/>
    <repeats value="false"/>
  </item>
  <item>
    <linkId value="caregiver"/>
    <code>
      <system value="http://worldhealthorganization.github.io/smart-immunizations-mini/CodeSystem/IMMZ-C"/>
      <code value="DE14"/>
    </code>
    <code>
      <system value="http://snomed.info/sct"/>
      <code value="184140000"/>
      <display value="Caregiver details (observable entity)"/>
    </code>
    <text value="Care giver name"/>
    <type value="group"/>
    <required value="true"/>
    <repeats value="false"/>
    <item>
      <linkId value="fullName"/>
      <code>
        <system value="http://worldhealthorganization.github.io/smart-immunizations-mini/CodeSystem/IMMZ-C"/>
        <code value="DE15"/>
      </code>
      <code>
        <system value="http://snomed.info/sct"/>
        <code value="184140000"/>
        <display value="Caregiver details (observable entity)"/>
      </code>
      <text value="Full name of the care giver"/>
      <type value="string"/>
      <required value="true"/>
      <repeats value="false"/>
    </item>
    <item>
      <linkId value="firstName"/>
      <code>
        <system value="http://worldhealthorganization.github.io/smart-immunizations-mini/CodeSystem/IMMZ-C"/>
        <code value="DE16"/>
      </code>
      <text value="First or given name"/>
      <type value="string"/>
      <required value="false"/>
      <repeats value="false"/>
    </item>
    <item>
      <linkId value="familyName"/>
      <code>
        <system value="http://worldhealthorganization.github.io/smart-immunizations-mini/CodeSystem/IMMZ-C"/>
        <code value="DE17"/>
      </code>
      <text value="Family name"/>
      <type value="string"/>
      <required value="false"/>
      <repeats value="false"/>
    </item>
  </item>
  <item>
    <linkId value="phone"/>
    <code>
      <system value="http://worldhealthorganization.github.io/smart-immunizations-mini/CodeSystem/IMMZ-C"/>
      <code value="DE18"/>
    </code>
    <code>
      <system value="http://loinc.org"/>
      <code value="42077-8"/>
      <display value="Patient Phone number"/>
    </code>
    <code>
      <system value="http://snomed.info/sct"/>
      <code value="184103008"/>
      <display value="Patient telephone number (observable entity)"/>
    </code>
    <text value="Client Phone number"/>
    <type value="string"/>
    <required value="true"/>
    <repeats value="false"/>
  </item>
  <item>
    <linkId value="administrativeArea"/>
    <code>
      <system value="http://worldhealthorganization.github.io/smart-immunizations-mini/CodeSystem/IMMZ-C"/>
      <code value="DE19"/>
    </code>
    <code>
      <system value="http://loinc.org"/>
      <code value="56799-0"/>
      <display value="Address"/>
    </code>
    <code>
      <system value="http://snomed.info/sct"/>
      <code value="184097001"/>
      <display value="Patient address (observable entity)"/>
    </code>
    <text value="Administrative area"/>
    <type value="choice"/>
    <required value="false"/>
    <repeats value="false"/>
  </item>
  <item>
    <linkId value="healthWorker"/>
    <code>
      <system value="http://worldhealthorganization.github.io/smart-immunizations-mini/CodeSystem/IMMZ-C"/>
      <code value="DE20"/>
    </code>
    <text value="Health Worker"/>
    <type value="boolean"/>
    <required value="true"/>
    <repeats value="false"/>
  </item>
</Questionnaire>