{
  "resourceType" : "ValueSet",
  "id" : "IMMZ-D1.DE65",
  "text" : {
    "status" : "generated",
    "div" : "<div xmlns=\"http://www.w3.org/1999/xhtml\">Placeholder</div>"
  },
  "url" : "http://worldhealthorganization.github.io/smart-immunizations-mini/ValueSet/IMMZ-D1.DE65",
  "version" : "0.1.0",
  "name" : "IMMZ_D1_DE65",
  "title" : "IMMZ-D1.DE65 ValueSet for Type of last cholera dose",
  "status" : "active",
  "date" : "2023-09-20T16:48:16+00:00",
  "publisher" : "WHO",
  "contact" : [{
    "name" : "WHO",
    "telecom" : [{
      "system" : "url",
      "value" : "http://who.int"
    }]
  }],
  "description" : "ValueSet for Type of last cholera dose for IMMZ-D1.DE65.",
  "compose" : {
    "include" : [{
      "system" : "http://worldhealthorganization.github.io/smart-immunizations-mini/CodeSystem/IMMZ-D1",
      "concept" : [{
        "code" : "DE66",
        "display" : "WC vaccine"
      },
      {
        "code" : "DE67",
        "display" : "WC-rBS vaccine"
      }]
    }]
  }
}