<?xml version="1.0" encoding="UTF-8"?>

<ValueSet xmlns="http://hl7.org/fhir">
  <id value="IMMZ-C-DE5"/>
  <text>
    <status value="extensions"/><div xmlns="http://www.w3.org/1999/xhtml">Placeholder</div>
  </text>
  <url value="http://worldhealthorganization.github.io/smart-immunizations-mini/ValueSet/IMMZ-C-DE5"/>
  <version value="0.1.0"/>
  <name value="IMMZ_C_DE5"/>
  <title value="IMMZ-C-DE5 ValueSet for Sex"/>
  <status value="active"/>
  <date value="2023-09-20T16:48:16+00:00"/>
  <publisher value="WHO"/>
  <contact>
    <name value="WHO"/>
    <telecom>
      <system value="url"/>
      <value value="http://who.int"/>
    </telecom>
  </contact>
  <description value="ValueSet for Sex for IMMZ-C-DE5."/>
  <compose>
    <include>
      <system value="http://worldhealthorganization.github.io/smart-immunizations-mini/CodeSystem/IMMZ-C"/>
      <concept>
        <code value="DE6"/>
        <display value="Male"/>
      </concept>
      <concept>
        <code value="DE7"/>
        <display value="Female"/>
      </concept>
      <concept>
        <code value="DE8"/>
        <display value="Biological sex not specified"/>
      </concept>
      <concept>
        <code value="DE9"/>
        <display value="Intersex"/>
      </concept>
    </include>
  </compose>
</ValueSet>