{
  "resourceType" : "ValueSet",
  "id" : "IMMZ-D1.DE68",
  "text" : {
    "status" : "generated",
    "div" : "<div xmlns=\"http://www.w3.org/1999/xhtml\">Placeholder</div>"
  },
  "url" : "http://worldhealthorganization.github.io/smart-immunizations-mini/ValueSet/IMMZ-D1.DE68",
  "version" : "0.1.0",
  "name" : "IMMZ_D1_DE68",
  "title" : "IMMZ-D1.DE68 ValueSet for Type of last meningococcal dose",
  "status" : "active",
  "date" : "2023-09-20T16:48:16+00:00",
  "publisher" : "WHO",
  "contact" : [{
    "name" : "WHO",
    "telecom" : [{
      "system" : "url",
      "value" : "http://who.int"
    }]
  }],
  "description" : "ValueSet for Type of last meningococcal dose for IMMZ-D1.DE68.",
  "compose" : {
    "include" : [{
      "system" : "http://worldhealthorganization.github.io/smart-immunizations-mini/CodeSystem/IMMZ-D1",
      "concept" : [{
        "code" : "DE69",
        "display" : "MenA conjugate vaccine (5µg)"
      },
      {
        "code" : "DE70",
        "display" : "Monovalent MenC conjugate"
      },
      {
        "code" : "DE71",
        "display" : "Quadrivalent conjugate"
      }]
    }]
  }
}