{
  "resourceType" : "ValueSet",
  "id" : "IMMZ-D1.DE84",
  "text" : {
    "status" : "generated",
    "div" : "<div xmlns=\"http://www.w3.org/1999/xhtml\">Placeholder</div>"
  },
  "url" : "http://worldhealthorganization.github.io/smart-immunizations-mini/ValueSet/IMMZ-D1.DE84",
  "version" : "0.1.0",
  "name" : "IMMZ_D1_DE84",
  "title" : "IMMZ-D1.DE84 ValueSet for Type of TB infection test performed",
  "status" : "active",
  "date" : "2023-09-20T16:48:16+00:00",
  "publisher" : "WHO",
  "contact" : [{
    "name" : "WHO",
    "telecom" : [{
      "system" : "url",
      "value" : "http://who.int"
    }]
  }],
  "description" : "ValueSet for Type of TB infection test performed for IMMZ-D1.DE84.",
  "compose" : {
    "include" : [{
      "system" : "http://worldhealthorganization.github.io/smart-immunizations-mini/CodeSystem/IMMZ-D1",
      "concept" : [{
        "code" : "DE85",
        "display" : "IGRA"
      },
      {
        "code" : "DE86",
        "display" : "TST"
      }]
    }]
  }
}