{
  "resourceType" : "ValueSet",
  "id" : "IMMZ-D1.DE56",
  "text" : {
    "status" : "extensions",
    "div" : "<div xmlns=\"http://www.w3.org/1999/xhtml\">Placeholder</div>"
  },
  "url" : "http://worldhealthorganization.github.io/smart-immunizations-mini/ValueSet/IMMZ-D1.DE56",
  "version" : "0.1.0",
  "name" : "IMMZ_D1_DE56",
  "title" : "IMMZ-D1.DE56 ValueSet for Type of last TBE dose",
  "status" : "active",
  "date" : "2023-09-20T16:48:16+00:00",
  "publisher" : "WHO",
  "contact" : [{
    "name" : "WHO",
    "telecom" : [{
      "system" : "url",
      "value" : "http://who.int"
    }]
  }],
  "description" : "ValueSet for Type of last TBE dose for IMMZ-D1.DE56.",
  "compose" : {
    "include" : [{
      "system" : "http://worldhealthorganization.github.io/smart-immunizations-mini/CodeSystem/IMMZ-D1",
      "concept" : [{
        "code" : "DE57",
        "display" : "FSME-Immun"
      },
      {
        "code" : "DE58",
        "display" : "Encepur"
      },
      {
        "code" : "DE59",
        "display" : "TBE-Moscow"
      },
      {
        "code" : "DE60",
        "display" : "EnceVir"
      }]
    }]
  }
}