{
  "resourceType" : "ValueSet",
  "id" : "IMMZ-D1.DE10",
  "text" : {
    "status" : "generated",
    "div" : "<div xmlns=\"http://www.w3.org/1999/xhtml\">Placeholder</div>"
  },
  "url" : "http://worldhealthorganization.github.io/smart-immunizations-mini/ValueSet/IMMZ-D1.DE10",
  "version" : "0.1.0",
  "name" : "IMMZ_D1_DE10",
  "title" : "IMMZ-D1.DE10 ValueSet for HIV Status",
  "status" : "active",
  "date" : "2023-09-20T16:48:16+00:00",
  "publisher" : "WHO",
  "contact" : [{
    "name" : "WHO",
    "telecom" : [{
      "system" : "url",
      "value" : "http://who.int"
    }]
  }],
  "description" : "ValueSet for HIV Status for IMMZ-D1.DE10.",
  "compose" : {
    "include" : [{
      "system" : "http://worldhealthorganization.github.io/smart-immunizations-mini/CodeSystem/IMMZ-D1",
      "concept" : [{
        "code" : "DE11",
        "display" : "HIV-positive"
      },
      {
        "code" : "DE12",
        "display" : "HIV-negative"
      },
      {
        "code" : "DE13",
        "display" : "Unknown"
      }]
    }]
  }
}